Date,Day,Origin,Group,Mark,Sex,Fish_ID,Notes,Tot_Dist_cm,Velocity_Mean_cm_s,High_Zone_Dur,Mid_Zone_Dur,Low_Zone_Dur,Freezing_Dur,Arena_Dur
7/02/2020,Friday,WCA,Within_Control,Red.Gre,male,a9680,,2149.51,4.88525,82.48,96.72,260.88,0.72,440.08
7/02/2020,Friday,WCA,Within_Control,Ora.Red,male,a9606,"Jumped, may need to run again",923.249,2.09829,0,11.92,428.16,2.4,440.08
7/02/2020,Friday,WCA,Within_Control,Whi.Yel,female,a9599,,1962.13,4.45938,252.8,112,75.28,0.72,440.08
7/02/2020,Friday,WCA,Within_Control,Gre.Bla,male,a9554,,928.362,2.10991,45.6,36.8,357.68,145.44,440.08
7/02/2020,Friday,WCA,Within_Control,Gre.Pur,female,a9556,,2375.08,5.3979,106.32,142.56,191.2,0.16,440.08
7/02/2020,Friday,WCA,Within_Control,Pur.Red,female,a9566,,1887.34,4.28941,99.44,103.84,236.8,0.24,440.08
7/02/2020,Friday,WCA,Within_Control,Pur._,male,a9562,,232.79,0.529068,0,0,440.08,344.72,440.08
7/02/2020,Friday,WCA,Within_Control,Red.Yel,female,a9678,,1456.09,3.30929,66.72,51.92,321.44,0.88,440.08
7/02/2020,Friday,WCA,Within_Control,Ora.Gre,female,a9603,,1517.76,3.44945,95.44,106.8,237.84,0.56,440.08
7/02/2020,Friday,WCA,Within_Control,Red.Whi,female,a9679,,1134.51,2.57842,34.24,26.56,379.28,3.52,440.08
7/02/2020,Friday,WCA,Within_Control,Red.Bla,male,a9676,,602.528,1.36938,0,0,440.08,208.56,440.08
7/02/2020,Friday,WCA,Within_Control,Red.Pin,female,a9673,,1963.34,4.46215,67.92,55.68,316.48,1.12,440.08
7/02/2020,Friday,WCA,Within_Control,Gre.Blu,female,a9553,,2187.93,4.97257,107.12,99.68,233.28,0.4,440.08
7/02/2020,Friday,WCA,Within_Control,Ora.Blu,female,a9607,,1876.22,4.26413,79.92,108,252.16,0.16,440.08
7/02/2020,Friday,WCA,Within_Control,Pin.Gre,male,a9588,,1886.37,4.28721,126.56,136.4,177.12,1.36,440.08
7/02/2020,Friday,WCA,Within_Control,Whi.Bla,female,a9598,,1995.07,4.53425,48.72,78.96,312.4,0.24,440.08
7/02/2020,Friday,WCA,Within_Control,Red.Ora,male,a9681,,772.072,1.75471,0,0,440.08,67.04,440.08
7/02/2020,Friday,WCA,Within_Control,Ora.Ora,male,a9706,,1811.46,4.11771,60.16,81.28,298.56,0.56,440
7/02/2020,Friday,WCA,Within_Control,Ora.Whi,male,a9611,,1936.56,4.40127,68.8,46.88,324.4,0.4,440.08
7/02/2020,Friday,WCA,Within_Control,Gre.Bro,male,a9558,,2937.58,6.67633,213.12,148.4,78.56,0.32,440.08
7/02/2020,Friday,MB,Maternal,Pin.Yel,female,a9854,,2133.94,4.84986,147.84,129.36,162.88,0.32,440.08
7/02/2020,Friday,MB,Maternal,_.Red,male,a9849,,1485.52,3.37618,40.8,62.24,337.04,2.24,440.08
7/02/2020,Friday,MB,Maternal,Bla.Gre,female,a9787,,1798.74,4.08804,206.4,147.12,86.56,0.32,440.08
7/02/2020,Friday,MB,Maternal,Red.Pin,male,a9755,,1976.73,4.49258,120.48,86.56,233.04,0.16,440.08
7/02/2020,Friday,MB,Maternal,Ora.Pur,male,a9821,,2701.74,6.14032,222.72,90.08,127.28,0.4,440.08
7/02/2020,Friday,MB,Maternal,Yel.Yel,male,a9765,,1723.82,3.91778,42.88,52.32,344.88,1.76,440.08
7/02/2020,Friday,MB,Maternal,Yel.Ora,female,a9778,,2309.1,5.24795,147.36,93.68,199.04,0.08,440.08
7/02/2020,Friday,MB,Maternal,_.Ora,female,a10198,,2267.65,5.15376,159.84,123.04,157.2,0.32,440.08
7/02/2020,Friday,MB,Maternal,Gre.Ora,female,a9868,,1783.96,4.05446,50.8,43.28,346,1.44,440.08
7/02/2020,Friday,MB,Maternal,Blu.Gre,male,a9846,,2056.54,4.67396,31.28,34.16,374.64,0.56,440.08
7/02/2020,Friday,MB,Maternal,Yel.Bla,female,a9777,,1919.09,4.36157,24.88,28.88,386.32,0.48,440.08
7/02/2020,Friday,MB,Maternal,_.Blu,male,a9844,,656.676,1.49245,0,0,440.08,25.44,440.08
7/02/2020,Friday,MB,Maternal,Red._,male,a9752,,1675.05,3.80692,195.68,120.08,124.32,0.24,440.08
7/02/2020,Friday,MB,Maternal,Ora.Yel,male,a9813,,2156.08,4.90018,110.16,112.4,217.52,0.56,440.08
7/02/2020,Friday,MB,Maternal,Pin.Whi,female,a9862,,1655.86,3.76332,46.72,78.96,314.4,0.8,440.08
7/02/2020,Friday,MB,Maternal,_._,female,a9774,,1557.01,3.53866,0,10.64,429.44,0.48,440.08
7/02/2020,Friday,MB,Maternal,Red.Bla,male,a9756,Forgot to put labels,2233.13,5.0753,32.32,59.28,348.48,0.16,440.08
7/02/2020,Friday,MB,Maternal,Blu.Blu,male,a9843,Forgot to put labels,888.886,2.0202,0,0,440.08,2,440.08
7/02/2020,Friday,MB,Maternal,Gre.Pur,female,a9867,Forgot to put labels,808.099,1.83659,2.96,13.52,423.6,16.96,440.08
7/02/2020,Friday,MB,Maternal,Pur.Pin,male,a9824,Forgot to put labels,1742.52,3.96028,55.76,71.44,312.88,0.32,440.08
7/02/2020,Friday,WTA,Within_Treatment,Blu.Blu,female,a10046,Forgot to put labels,1317.66,2.99469,0,0,440.08,7.52,440.08
7/02/2020,Friday,WTA,Within_Treatment,Gre.Blu,female,a10041,Forgot to put labels,1580.2,3.59135,41.84,75.44,322.8,0.24,440.08
7/02/2020,Friday,WTA,Within_Treatment,Ora.Red,male,a10064,,1744.94,3.96721,0,0,439.92,0.32,439.92
7/02/2020,Friday,WTA,Within_Treatment,Whi.Pur,female,a10158,,881.621,2.00368,0,0,440.08,4.16,440.08
7/02/2020,Friday,WTA,Within_Treatment,Ora.Bro,male,a10070,,1957.61,4.4491,95.68,104.56,239.84,0.88,440.08
7/02/2020,Friday,WTA,Within_Treatment,Pin.Bla,male,a10092,,1997.9,4.54068,54.4,102.16,283.52,1.2,440.08
7/02/2020,Friday,WTA,Within_Treatment,Gre.Pin,female,a10036,,2044.26,4.64605,95.28,115.68,229.12,0.08,440.08
7/02/2020,Friday,WTA,Within_Treatment,Red.Bla,female,a10164,,1665.84,3.78601,40.8,70.24,329.04,0.4,440.08
7/02/2020,Friday,WTA,Within_Treatment,Red.Pur,male,a10166,,832.425,1.89187,0,0,440.08,2.48,440.08
7/02/2020,Friday,WTA,Within_Treatment,Whi.Yel,male,a10157,,1389.37,3.15766,4.72,24,411.36,0.8,440.08
7/02/2020,Friday,WTA,Within_Treatment,Bro.Bro,male,a10201,,2253.73,5.12211,216.4,88.32,135.36,0.16,440.08
7/02/2020,Friday,WTA,Within_Treatment,Blu.Yel,male,a10055,,677.285,1.53928,0,0,440.08,145.52,440.08
7/02/2020,Friday,WTA,Within_Treatment,Red.Whi,female,a10172,,636.035,1.44553,0,0,440.08,83.6,440.08
7/02/2020,Friday,WTA,Within_Treatment,Blu._,female,a10039,,1870.97,4.25221,24.32,70,345.76,0,440.08
7/02/2020,Friday,WTA,Within_Treatment,Yel._,male,a10095,,2561.71,5.82207,92.8,122.08,225.2,0.48,440.08
7/02/2020,Friday,WTA,Within_Treatment,Pur.Blu,female,a10079,,2080.7,4.72887,115.44,167.76,156.88,0.08,440.08
7/02/2020,Friday,WTA,Within_Treatment,Pin.Gre,female,a10087,,855.862,1.94514,98.08,39.92,302.08,52.88,440.08
7/02/2020,Friday,WTA,Within_Treatment,Pur._,male,a10077,,2381.48,5.41245,145.36,86,208.72,0.08,440.08
7/02/2020,Friday,WTA,Within_Treatment,Pin.Blu,male,a10090,,2441,5.54772,131.76,166.88,141.44,0,440.08
7/02/2020,Friday,WTA,Within_Treatment,Gre.Ora,female,a10045,,106.059,0.241043,0,0,440.08,270.72,440.08
7/02/2020,Friday,PB,Paternal,Pin.Bro,female,a9955,net was in front of camera for first minute,1145.08,2.60245,21.28,48.56,370.24,81.84,440.08
7/02/2020,Friday,PB,Paternal,Red.Bla,male,a9949,,1730.31,3.93253,18.48,49.28,372.32,2.88,440.08
7/02/2020,Friday,PB,Paternal,Whi._,female,a9924,,1812.56,4.11946,71.2,92.48,276.4,0.88,440.08
7/02/2020,Friday,PB,Paternal,Pin.Ora,female,a9953,,1559.13,3.54347,143.36,87.28,209.44,0.32,440.08
7/02/2020,Friday,PB,Paternal,Whi.Ora,female,a9927,,2115.79,4.80862,31.84,69.68,338.56,0.72,440.08
7/02/2020,Friday,PB,Paternal,Red.Yel,male,a9947,,639.631,1.45371,0,0,440.08,117.76,440.08
7/02/2020,Friday,PB,Paternal,Blu.Gre,male,a9983,,1616.47,3.6738,17.52,31.12,391.44,2.16,440.08
7/02/2020,Friday,PB,Paternal,Yel.Gre,male,a9901,,2143.97,4.87443,53.68,95.84,290.56,1.12,440.08
7/02/2020,Friday,PB,Paternal,Red._,male,a9941,,1133.96,2.57719,0,0,440.08,3.52,440.08
7/02/2020,Friday,PB,Paternal,_.Red,female,a9903,,940.452,2.13739,0,0,440.08,29.2,440.08
7/02/2020,Friday,PB,Paternal,_.Ora,female,a9964,,1760,4,72.08,96.48,271.52,0.96,440.08
7/02/2020,Friday,PB,Paternal,Bro.Bro,female,a9910,,1582.05,3.59557,24.16,50.88,365.04,0.4,440.08
7/02/2020,Friday,PB,Paternal,_.Pur,male,a9981,,1651.14,3.91636,36.96,68.88,316.08,2,421.92
7/02/2020,Friday,PB,Paternal,Blu.Blu,male,a9973,,2519.32,5.73303,138.32,120.08,181.12,1.2,439.52
7/02/2020,Friday,PB,Paternal,Pin.Gre,female,a9952,,1563.99,3.55905,89.28,71.2,279.04,12.96,439.52
7/02/2020,Friday,PB,Paternal,Yel.Pur,female,a9899,,450.967,1.02623,0,0,439.52,248.8,439.52
7/02/2020,Friday,PB,Paternal,Bro._,male,a9908,,544.084,1.23813,0,0,439.52,130.64,439.52
7/02/2020,Friday,PB,Paternal,Bla.Whi,female,a9923,,482.015,1.09689,0,0,439.52,158.48,439.52
7/02/2020,Friday,PB,Paternal,Blu.Pur,male,a9975,jumped while placing in long tank,1925.67,4.37653,13.12,38.96,388,0.96,440.08
7/02/2020,Friday,PB,Paternal,Bro.Blu,male,a9937,potentially injured pre-trial,1206.53,2.74212,0,0,440.08,1.6,440.08
7/02/2020,Friday,WCB,Within_Control,Ora.Yel,male,NA,"LABEL IS PIN.YEL, BUT FISH WAS ACTUALLY ORA.YEL (EXCLUSION) - EXCLUDE FROM ETHOVISION",1857.3,4.22114,54.16,64.4,321.52,1.68,440.08
7/02/2020,Friday,WCB,Within_Control,Blu.Gre,female,a9578,,1221.19,2.77543,23.76,54.16,362.16,2.88,440.08
7/02/2020,Friday,WCB,Within_Control,Red.Bro,male,a9677,,69.4358,0.157809,0,0,440.08,422.32,440.08
7/02/2020,Friday,WCB,Within_Control,Ora.Bro,male,a9610,,2684.02,6.10003,88.64,112.8,238.64,0.48,440.08
7/02/2020,Friday,WCB,Within_Control,Ora.Gre,male,a9612,,1236.27,2.80971,0,0,440.08,9.92,440.08
7/02/2020,Friday,WCB,Within_Control,Blu.Red,male,a9582,,1550.02,3.52278,36.64,54.32,349.12,2.24,440.08
7/02/2020,Friday,WCB,Within_Control,Pur.Blu,male,a9687,,2568.64,5.83782,138.24,74.64,227.2,4.48,440.08
7/02/2020,Friday,WCB,Within_Control,Pur.Pin,male,a9686,jumped entering tank,1694.41,3.85093,17.6,23.92,398.56,0.8,440.08
7/02/2020,Friday,WCB,Within_Control,Blu.Whi,female,a9580,,1528.11,3.47298,27.52,29.2,383.36,8,440.08
7/02/2020,Friday,WCB,Within_Control,Ora.Bla,female,a9608,,209.605,0.476374,0,0,440.08,74.48,440.08
7/02/2020,Friday,WCB,Within_Control,Bro.Gre,female,a9704,,2121.91,4.82253,53.44,102.16,284.48,0.4,440.08
7/02/2020,Friday,WCB,Within_Control,Blu.Blu,male,a9575,,1874.69,4.26067,0,39.76,400.32,0.48,440.08
7/02/2020,Friday,WCB,Within_Control,Pin.Whi,male,a9590,,447.472,1.01698,0,0,440.08,135.44,440.08
7/02/2020,Friday,WCB,Within_Control,Yel.Yel,female,a9613,,871.065,1.97969,0,0,440.08,59.6,440.08
7/02/2020,Friday,WCB,Within_Control,_.Pur,female,a9605,,2149.85,4.88602,148.32,124.48,167.28,0.16,440.08
7/02/2020,Friday,WCB,Within_Control,Whi.Ora,female,a9596,,1841.66,4.18558,107.12,125.04,207.92,0.24,440.08
7/02/2020,Friday,WCB,Within_Control,Blu.Bro,female,a9579,,1108.78,2.51996,0,0,440.08,2.64,440.08
7/02/2020,Friday,WCB,Within_Control,Blu.Pur,male,a9581,,796.395,1.80999,0,0,440.08,19.52,440.08
7/02/2020,Friday,WCB,Within_Control,Pin.Yel,male,a9587,,2481.93,5.64075,108.48,86.88,244.72,1.12,440.08
7/02/2020,Friday,WCB,Within_Control,Blu.Ora,female,a9583,,104.572,0.237664,0,0,440.08,385.12,440.08
7/02/2020,Friday,WCB,Within_Control,Bro.Bla,female,a9700,,989.445,2.24874,0,0,440.08,6.88,440.08
7/02/2020,Friday,MA,Maternal,Yel._,male,a9763,,510.908,1.16115,0,0,440.08,19.12,440.08
7/02/2020,Friday,MA,Maternal,_.Gre,male,a9803,,1394.86,3.17013,0,0,440.08,2.4,440.08
7/02/2020,Friday,MA,Maternal,Gre.Gre,female,a9804,,1451.61,3.29912,0,0,440.08,21.84,440.08
7/02/2020,Friday,MA,Maternal,Red.Blu,female,a9759,,11.8982,0.0270414,0,0,440.08,432.96,440.08
7/02/2020,Friday,MA,Maternal,Red.Pur,female,a9762,,1602.28,3.64154,8.4,34.88,396.8,1.28,440.08
7/02/2020,Friday,MA,Maternal,Whi.Ora,female,a9839,,36.6685,0.0833374,0,0,440.08,430.96,440.08
7/02/2020,Friday,MA,Maternal,Pin.Ora,male,a9858,,805.875,1.83153,0,20.24,419.84,11.68,440.08
7/02/2020,Friday,MA,Maternal,Gre.Whi,female,a9809,,1475.26,3.35286,47.84,42.4,349.84,1.52,440.08
7/02/2020,Friday,MA,Maternal,Red.Yel,female,a9761,,1634.72,3.71528,38.72,54,347.36,0.8,440.08
7/02/2020,Friday,MA,Maternal,Bro.Gre,female,a9796,,1752.87,3.98379,66.96,104.88,268.24,1.04,440.08
7/02/2020,Friday,MA,Maternal,Red.Gre,female,a9758,,2012.56,4.57982,48,82.64,308.88,1.6,439.52
7/02/2020,Friday,MA,Maternal,Red.Bro,male,a9760,,1822.69,4.14247,17.76,59.84,362.48,0.4,440.08
7/02/2020,Friday,MA,Maternal,Red._,female,a9848,,375.688,0.853836,0,0,440.08,107.44,440.08
7/02/2020,Friday,MA,Maternal,Gre.Blu,male,a9808,,334.403,0.760006,0,0,440.08,283.2,440.08
7/02/2020,Friday,MA,Maternal,_.Yel,male,a9764,,1913.58,4.34904,30.56,121.36,288.16,0.08,440.08
7/02/2020,Friday,MA,Maternal,Bro.Yel,female,a9794,,662.993,1.5068,0,0,440.08,2.16,440.08
7/02/2020,Friday,MA,Maternal,Blu.Yel,female,a9845,,2281,5.18409,151.92,89.52,198.64,0.4,440.08
7/02/2020,Friday,MA,Maternal,_.Bla,male,a9800,,890.941,2.02487,0,0,440.08,166.8,440.08
7/02/2020,Friday,MA,Maternal,Red.Red,male,a9754,,2220.65,5.04693,44.72,211.28,184.08,0.08,440.08
7/02/2020,Friday,MA,Maternal,Bro.Pin,male,a9793,,1307.41,2.97138,14.72,141.04,284.32,0.64,440.08
7/02/2020,Friday,WTB,Within_Treatment,Ora.Ora,female,a10060,,2088.34,4.74624,87.84,89.76,262.48,1.44,440.08
7/02/2020,Friday,WTB,Within_Treatment,Gre.Bro,male,a10044,,1589.64,3.61282,11.36,82.64,346.08,31.52,440.08
7/02/2020,Friday,WTB,Within_Treatment,_.Blu,female,a10040,,2281.44,5.18508,64,113.2,262.88,0.08,440.08
7/02/2020,Friday,WTB,Within_Treatment,Whi.Bro,female,a10159,,2238.86,5.08831,216.32,99.92,123.84,0.32,440.08
7/02/2020,Friday,WTB,Within_Treatment,Red._,male,a10155,,177.122,0.40255,0,0,440.08,385.84,440.08
7/02/2020,Friday,WTB,Within_Treatment,Pur.Red,female,a10076,,1826.83,4.15188,78.08,65.52,296.48,0.48,440.08
7/02/2020,Friday,WTB,Within_Treatment,Blu.Ora,female,a10059,,548.331,1.24621,0,0,440.08,126.88,440.08
7/02/2020,Friday,WTB,Within_Treatment,Whi.Ora,female,a10160,,2093.68,4.75837,127.44,89.28,223.36,0.4,440.08
7/02/2020,Friday,WTB,Within_Treatment,Ora.Pin,female,a10063,,1655.56,3.76263,242,135.84,62.24,0,440.08
7/02/2020,Friday,WTB,Within_Treatment,Whi.Bla,male,a10152,,1126.92,2.56118,0,0,440.08,1.92,440.08
7/02/2020,Friday,WTB,Within_Treatment,Pur.Gre,male,a10074,,728.281,1.65518,0,0,440.08,14.08,440.08
7/02/2020,Friday,WTB,Within_Treatment,Pin.Bro,male,a10088,,11.6262,0.0264231,0,0,440.08,435.04,440.08
7/02/2020,Friday,WTB,Within_Treatment,Pur.Pur,female,a10081,,1983.24,4.50736,88.32,121.28,230.48,0.08,440.08
7/02/2020,Friday,WTB,Within_Treatment,Gre.Pur,male,a10043,,1765.64,4.01282,55.76,71.12,313.2,0.56,440.08
7/02/2020,Friday,WTB,Within_Treatment,Red.Bro,male,a10169,,2332.41,5.30094,62.4,92.96,284.72,0.16,440.08
7/02/2020,Friday,WTB,Within_Treatment,Yel.Yel,female,a10097,,1939.36,4.40765,109.68,71.52,258.88,0.88,440.08
7/02/2020,Friday,WTB,Within_Treatment,Pin.Red,male,a10089,,2194.84,4.9901,42.48,68,329.36,0.64,440.08
7/02/2020,Friday,WTB,Within_Treatment,_.Yel,male,a10096,,869.797,1.97681,0,0,440.08,109.28,440.08
7/02/2020,Friday,WTB,Within_Treatment,Whi.Pin,female,a10154,,1239.74,2.81759,2.16,26.96,410.96,0.96,440.08
7/02/2020,Friday,WTB,Within_Treatment,Gre._,male,a10037,,3061.26,6.95741,237.28,131.84,70.96,0,440.08
7/02/2020,Friday,PA,Paternal,Gre.Ora,female,a9876,,1932.48,4.392,54.24,79.76,306.08,1.28,440.08
7/02/2020,Friday,PA,Paternal,_.Bro,female,a9917,,2088.11,4.7457,64.4,67.12,308.56,0.48,440.08
7/02/2020,Friday,PA,Paternal,Blu.Bla,male,a9984,,576.332,1.30985,0,0,440.08,226.16,440.08
7/02/2020,Friday,PA,Paternal,Gre.Blu,male,a9881,,18.0941,0.041123,0,0,440.08,432.08,440.08
7/02/2020,Friday,PA,Paternal,Pin.Yel,male,a9956,,2545.8,5.78592,52.24,111.2,276.64,0.72,440.08
7/02/2020,Friday,PA,Paternal,Whi.Red,male,a9931,,67.672,0.1538,0,0,440.08,413.2,440.08
7/02/2020,Friday,PA,Paternal,Whi.Bro,female,a9929,,847.609,1.92954,58.8,2.96,377.6,41.28,439.36
7/02/2020,Friday,PA,Paternal,Bla.Gre,female,a9922,,1111.78,2.52723,0,2.16,437.92,52.88,440.08
7/02/2020,Friday,PA,Paternal,Pin.Blu,male,a9960,,2094.56,4.76035,17.04,86.08,336.96,8.96,440.08
7/02/2020,Friday,PA,Paternal,Ora.Ora,female,a9962,,2010.22,4.56869,31.68,72.16,336.24,10.08,440.08
7/02/2020,Friday,PA,Paternal,Gre.Gre,female,a9874,,1519.14,3.45258,40.64,53.84,345.6,0.48,440.08
7/02/2020,Friday,PA,Paternal,Bla.Ora,female,a9887,,173.965,0.395375,0,0,440.08,390.08,440.08
7/02/2020,Friday,PA,Paternal,Pin.Red,female,a9958,,1195.62,2.71732,0,2,438.08,51.36,440.08
7/02/2020,Friday,PA,Paternal,Bla.Red,female,a9921,,582.514,1.3239,0,0,440.08,52.8,440.08
7/02/2020,Friday,PA,Paternal,Whi.Whi,male,a9926,,2088.86,4.74741,46.96,101.04,292.08,0.32,440.08
7/02/2020,Friday,PA,Paternal,Gre.Pin,male,a9880,,672.782,1.52905,0,0,440.08,64,440.08
7/02/2020,Friday,PA,Paternal,Bla.Pin,male,a9919,,1915.43,4.35325,43.36,91.92,304.8,55.2,440.08
7/02/2020,Friday,PA,Paternal,Ora.Pin,female,a9961,,33.678,0.076541,0,0,440.08,428.48,440.08
7/02/2020,Friday,PA,Paternal,_.Gre,male,a9873,,1861.57,4.23084,51.6,88.8,299.68,0.32,440.08
7/02/2020,Friday,PA,Paternal,Pin.Pur,female,a9957,,2072.16,4.71031,100.32,76,263.76,1.12,440.08
14/02/2020,Friday,PA,Paternal,Bla.Pin,male,a9919,water change after every 2 tanks have been run,2477.15,6.34516,36.72,56.32,340.6,0.28,433.64
14/02/2020,Friday,PA,Paternal,Whi.Bro,female,a9929,,1039.3,3.45881,4.52,16.32,359.92,0.52,380.76
14/02/2020,Friday,PA,Paternal,Bla.Ora,female,a9887,,1687.59,3.83614,67.92,144.16,227.96,0.28,440.04
14/02/2020,Friday,PA,Paternal,Gre.Gre,female,a9874,,2341.52,5.67944,105.64,94.64,234.48,0.12,434.76
14/02/2020,Friday,PA,Paternal,Ora.Ora,female,a9962,,3142.12,7.28624,53.32,33.04,353.28,0,439.64
14/02/2020,Friday,PA,Paternal,Pin.Blu,male,a9960,,1235.61,2.84887,0,9.08,428.44,104.44,437.52
14/02/2020,Friday,PA,Paternal,_.Bro,female,a9917,,1678.34,3.93978,44.16,81.88,310.4,0.16,436.44
14/02/2020,Friday,PA,Paternal,Gre.Ora,female,a9876,,1969.89,4.4987,37.16,63,339.6,0.16,439.76
14/02/2020,Friday,PA,Paternal,Bla.Red,female,a9921,,1413.86,3.25294,22.96,11.44,404.92,1.16,439.32
14/02/2020,Friday,PA,Paternal,Ora.Pin,female,a9961,,2497.28,5.70311,315.48,109.24,14.88,0.04,439.6
14/02/2020,Friday,PA,Paternal,Whi.Whi,male,a9926,,658.686,1.49701,0,1.32,438.72,25.6,440.04
14/02/2020,Friday,PA,Paternal,Blu.Bla,male,a9984,,847.159,1.92922,0,0,439.92,0.84,439.92
14/02/2020,Friday,PA,Paternal,Pin.Pur,female,a9957,,1278.19,3.62957,18.64,91.32,300.6,0.4,410.56
14/02/2020,Friday,PA,Paternal,Bla.Gre,female,a9922,,1950.34,5.2316,7.44,139.32,283,0.16,429.76
14/02/2020,Friday,PA,Paternal,Pin.Red,female,a9958,,1952.7,4.44645,58.72,137.88,243.4,0.32,440
14/02/2020,Friday,PA,Paternal,_.Gre,male,a9873,,2222.57,5.08178,158.8,105.52,175.08,0.24,439.4
14/02/2020,Friday,PA,Paternal,Gre.Blu,male,a9881,,2239.33,5.09031,76.96,99.84,263.24,0.4,440.04
14/02/2020,Friday,PA,Paternal,Gre.Pin,male,a9880,,1449.77,3.29494,8.88,39.72,391.44,0.32,440.04
14/02/2020,Friday,PA,Paternal,Pin.Yel,male,a9956,,1856.6,6.84385,68.88,145.8,157.52,0.12,372.2
14/02/2020,Friday,PA,Paternal,Whi.Red,male,a9931,,991.5,2.25423,0,0,440.04,3.44,440.04
14/02/2020,Friday,WTB,Within_Treatment,Pin.Red,male,a10089,,2492.86,5.78068,115.16,87.04,236.24,0.24,438.44
14/02/2020,Friday,WTB,Within_Treatment,Blu.Ora,female,a10059,,1452.88,3.64935,244.92,95.24,92.4,0.2,432.56
14/02/2020,Friday,WTB,Within_Treatment,_.Blu,female,a10040,,1908.85,4.55311,26.4,88.64,316.32,0.12,431.36
14/02/2020,Friday,WTB,Within_Treatment,Gre.Pur,male,a10043,,2608.79,6.00827,57.56,77.16,304.32,0.24,439.04
14/02/2020,Friday,WTB,Within_Treatment,Ora.Ora,female,a10060,no tags on tanks,2109.31,7.67134,150.16,88.4,127.8,0.04,366.36
14/02/2020,Friday,WTB,Within_Treatment,Yel.Yel,female,a10097,,2337.73,5.35244,158.32,71.12,210.32,0.36,439.76
14/02/2020,Friday,WTB,Within_Treatment,Whi.Ora,female,a10160,,56.6011,0.128639,0,0,440.04,330.32,440.04
14/02/2020,Friday,WTB,Within_Treatment,Ora.Pin,female,a10063,,876.676,2.15294,396.08,27.92,7.68,28.88,431.68
14/02/2020,Friday,WTB,Within_Treatment,Gre._,male,a10037,,1945.85,4.4256,29.48,43.52,367.04,0.72,440.04
14/02/2020,Friday,WTB,Within_Treatment,Whi.Pin,female,a10154,,1419.07,3.23428,40.88,104.12,294.84,0.28,439.84
14/02/2020,Friday,WTB,Within_Treatment,Pur.Pur,female,a10081,,1039.31,3.57841,24.04,21,322.4,0.2,367.44
14/02/2020,Friday,WTB,Within_Treatment,Whi.Bla,male,a10152,,1115.21,2.69167,0,0,422.92,15.48,422.92
14/02/2020,Friday,WTB,Within_Treatment,Pur.Gre,male,a10074,,2101.37,4.8535,86.16,69.52,282.72,0.08,438.4
14/02/2020,Friday,WTB,Within_Treatment,Pur.Red,female,a10076,,1162.69,3.03511,74.68,72.36,275.76,2.56,422.8
14/02/2020,Friday,WTB,Within_Treatment,Pin.Bro,male,a10088,,1502.27,3.41487,51.04,64.76,324.24,5.8,440.04
14/02/2020,Friday,WTB,Within_Treatment,Whi.Bro,female,a10159,,1646.36,3.75813,149.12,81.8,208.72,0.4,439.64
14/02/2020,Friday,WTB,Within_Treatment,_.Yel,male,a10096,,2849.42,6.56488,164.08,100.56,174.04,0.44,438.68
14/02/2020,Friday,WTB,Within_Treatment,Gre.Bro,male,a10044,,2107.6,4.96419,71,93,271.52,0.72,435.52
14/02/2020,Friday,WTB,Within_Treatment,Red._,male,a10155,,936.371,3.55872,0,0,307.76,2.28,307.76
14/02/2020,Friday,WTB,Within_Treatment,Red.Bro,male,a10169,,3055.31,6.96541,76.72,144.08,219.2,0.04,440
14/02/2020,Friday,MA,Maternal,Bro.Yel,female,a9794,,1247.97,2.8363,0,0,440.04,0.36,440.04
14/02/2020,Friday,MA,Maternal,Gre.Whi,female,a9809,,1607.21,3.66041,326,43.04,71,0.48,440.04
14/02/2020,Friday,MA,Maternal,_.Yel,male,a9764,,2208.4,5.59033,31.56,120.6,275.6,0.08,427.76
14/02/2020,Friday,MA,Maternal,Red.Yel,female,a9761,,2760.16,6.34694,182.64,112.6,143.92,0.12,439.16
14/02/2020,Friday,MA,Maternal,Whi.Ora,female,a9839,,173.886,0.661063,0,0,267.08,85.56,267.08
14/02/2020,Friday,MA,Maternal,Yel._,male,a9763,,876.528,2.25143,0,0,397.04,7.84,397.04
14/02/2020,Friday,MA,Maternal,Red.Gre,female,a9758,,1563.07,4.27022,47.6,45.88,313.88,0.64,407.36
14/02/2020,Friday,MA,Maternal,Red.Red,male,a9754,,2675.59,6.17234,41.16,102.64,294.48,0.12,438.28
14/02/2020,Friday,MA,Maternal,Bro.Pin,male,a9793,,2212.29,5.03251,25.8,80,334.2,0.12,440
14/02/2020,Friday,MA,Maternal,Bro.Gre,female,a9796,,2342.6,5.34939,88.76,68.6,282.48,0.2,439.84
14/02/2020,Friday,MA,Maternal,_.Bla,male,a9800,,1941.75,4.44214,0,0,439.12,0.4,439.12
14/02/2020,Friday,MA,Maternal,Red.Blu,female,a9759,,65.997,0.200234,0,0,331.6,185.12,331.6
14/02/2020,Friday,MA,Maternal,Pin.Ora,male,a9858,,2409.53,5.49318,42.72,79.84,317.2,0.4,439.76
14/02/2020,Friday,MA,Maternal,Gre.Gre,female,a9804,,1731.29,3.93832,0,0,440,0.64,440
14/02/2020,Friday,MA,Maternal,Red.Bro,male,a9760,,2679.69,6.20815,0,0,438.76,0.24,438.76
14/02/2020,Friday,MA,Maternal,Blu.Yel,female,a9845,,2347.97,5.3548,129,123.16,187.32,0.24,439.48
14/02/2020,Friday,MA,Maternal,Red.Pur,female,a9762,,876.4,3.84858,0,0,300.04,3.4,300.04
14/02/2020,Friday,MA,Maternal,Red._,female,a9848,,918.857,2.08907,6.6,12.28,421.16,1.36,440.04
14/02/2020,Friday,MA,Maternal,Gre.Blu,male,a9808,,535.878,1.251,0,0,434.16,19.56,434.16
14/02/2020,Friday,MA,Maternal,_.Gre,male,a9803,,2905.13,7.25847,77.4,91.6,263.56,0.08,432.56
14/02/2020,Friday,WCB,Within_Control,Ora.Bla,female,a9608,,1711.99,4.42878,26.2,87.04,315.88,0.16,429.12
14/02/2020,Friday,WCB,Within_Control,Blu.Ora,female,a9583,,626.735,1.57313,0,0,401.68,122.96,401.68
14/02/2020,Friday,WCB,Within_Control,_.Pur,female,a9605,,834.965,2.01507,0,0,424.64,7.28,424.64
14/02/2020,Friday,WCB,Within_Control,Pur.Blu,male,a9687,,3026.77,7.73873,131.92,98.2,201.4,0.24,431.52
14/02/2020,Friday,WCB,Within_Control,Bro.Bla,female,a9700,,2190.19,5.16067,78,60.92,298.52,0.68,437.44
14/02/2020,Friday,WCB,Within_Control,Blu.Red,male,a9582,,2434.32,5.67812,51.64,65.32,320.72,0.36,437.68
14/02/2020,Friday,WCB,Within_Control,Yel.Yel,female,a9613,,1006.32,2.48572,0,0,424.2,79.88,424.2
14/02/2020,Friday,WCB,Within_Control,Pin.Whi,male,a9590,,769.928,1.74984,0,0,440.04,122.48,440.04
14/02/2020,Friday,WCB,Within_Control,Bro.Gre,female,a9704,,960.643,2.18765,12.2,57.08,370.68,193.32,439.96
14/02/2020,Friday,WCB,Within_Control,Ora.Gre,male,a9612,,248.65,0.565576,0,0,440.04,290,440.04
14/02/2020,Friday,WCB,Within_Control,Blu.Blu,male,a9575,,1860.26,4.22786,20.92,70.24,348.88,10.44,440.04
14/02/2020,Friday,WCB,Within_Control,Blu.Bro,female,a9579,,1743.47,3.9635,62.36,54.44,323.24,4.88,440.04
14/02/2020,Friday,WCB,Within_Control,Ora.Bro,male,a9610,,1720.74,4.27704,0,0,426,0.56,426
14/02/2020,Friday,WCB,Within_Control,Blu.Gre,female,a9578,,1918.3,4.36771,66.08,34.56,339.32,0.44,439.96
14/02/2020,Friday,WCB,Within_Control,Blu.Pur,male,a9581,,136.378,0.30995,0,0,440.04,224.88,440.04
14/02/2020,Friday,WCB,Within_Control,Red.Bro,male,a9677,,65.4883,0.148837,0,0,440.04,305.4,440.04
14/02/2020,Friday,WCB,Within_Control,Blu.Whi,female,a9580,,1416.19,3.23448,39.48,31.76,368.64,40.68,439.88
14/02/2020,Friday,WCB,Within_Control,Pur.Pin,male,a9686,,1536.17,3.53761,0,0,438.48,0.8,438.48
14/02/2020,Friday,WCB,Within_Control,Whi.Ora,female,a9596,,3183.97,7.76351,183,191.96,60.84,0.04,435.8
14/02/2020,Friday,WCB,Within_Control,Pin.Yel,male,a9587,,2968.73,6.76371,61.44,106.6,271.88,0.08,439.92
14/02/2020,Friday,PB,Paternal,Red.Bla,male,a9949,,2360.55,5.38496,124.68,98.04,216.88,0.4,439.6
14/02/2020,Friday,PB,Paternal,Bla.Whi,female,a9923,,3243.84,7.59825,293.24,85.72,59.88,0.16,438.84
14/02/2020,Friday,PB,Paternal,Yel.Pur,female,a9899,,627.698,1.59622,0,0,429.08,81.64,429.08
14/02/2020,Friday,PB,Paternal,_.Pur,male,a9981,,2759.06,6.30729,134.44,108.8,196.48,0.28,439.72
14/02/2020,Friday,PB,Paternal,Whi.Ora,female,a9927,,666.252,1.51766,0,0,439.76,3.64,439.76
14/02/2020,Friday,PB,Paternal,Bro.Blu,male,a9937,,910.84,2.07066,0,0,440.04,52.8,440.04
14/02/2020,Friday,PB,Paternal,Pin.Ora,female,a9953,,1173.85,2.68271,0,15.24,424.56,0.6,439.8
14/02/2020,Friday,PB,Paternal,Red.Yel,male,a9947,,733.168,1.66629,0,0,440.04,17.44,440.04
14/02/2020,Friday,PB,Paternal,Pin.Bro,female,a9955,,1149.17,2.62295,16.16,78.16,345.24,8.92,439.56
14/02/2020,Friday,PB,Paternal,_.Red,female,a9903,,417.083,0.973401,0,0,437.92,87.6,437.92
14/02/2020,Friday,PB,Paternal,Blu.Gre,male,a9983,,1058.58,2.45087,0,0,436.56,46.08,436.56
14/02/2020,Friday,PB,Paternal,Blu.Blu,male,a9973,,2343.37,5.3945,129.88,79.16,230.2,0.16,439.24
14/02/2020,Friday,PB,Paternal,Pin.Gre,female,a9952,,1877.62,4.26849,75.36,100.76,263.92,1.6,440.04
14/02/2020,Friday,PB,Paternal,Bro._,male,a9908,,2352.96,5.35105,97.28,124.28,218.44,1.04,440
14/02/2020,Friday,PB,Paternal,Red._,male,a9941,,2294.09,5.43313,47.96,99.6,287.88,0.24,435.44
14/02/2020,Friday,PB,Paternal,Bro.Bro,female,a9910,,2207.65,5.02378,61.32,136.2,242.52,0.12,440.04
14/02/2020,Friday,PB,Paternal,Blu.Pur,male,a9975,,1455.13,3.36959,0,0,437.52,2.56,437.52
14/02/2020,Friday,PB,Paternal,Whi._,female,a9924,,2378.48,5.44674,39.96,104.72,295.32,4,440
14/02/2020,Friday,PB,Paternal,_.Ora,female,a9964,,716.883,1.67246,9.76,47.72,380.08,7.44,437.56
14/02/2020,Friday,PB,Paternal,Yel.Gre,male,a9901,,3388.07,7.7205,181.28,106.2,152.48,0.2,439.96
14/02/2020,Friday,WTA,Within_Treatment,Whi.Yel,male,a10157,,2752.65,6.38606,178.52,80.12,180.36,0.12,439
14/02/2020,Friday,WTA,Within_Treatment,Red.Bla,female,a10164,,1603.92,3.65858,28.12,48.6,363.08,9.24,439.8
14/02/2020,Friday,WTA,Within_Treatment,Blu.Blu,female,a10046,,1941.09,4.71872,72.64,75.8,283.2,15.76,431.64
14/02/2020,Friday,WTA,Within_Treatment,Gre.Blu,female,a10041,,2144.4,5.01451,15.92,115.88,305.32,0.2,437.12
14/02/2020,Friday,WTA,Within_Treatment,Yel._,male,a10095,,3360.11,7.64286,96.52,136.72,206.8,0.08,440.04
14/02/2020,Friday,WTA,Within_Treatment,Pin.Blu,male,a10090,,3804.31,8.68405,164.16,139.84,135.96,0,439.96
14/02/2020,Friday,WTA,Within_Treatment,Red.Pur,male,a10166,,387.082,0.880293,0,0,440.04,9.44,440.04
14/02/2020,Friday,WTA,Within_Treatment,Blu._,female,a10039,,2426.89,5.80486,84.2,82.64,265,0.2,431.84
14/02/2020,Friday,WTA,Within_Treatment,Gre.Ora,female,a10045,,1471.61,3.49054,11.8,20.96,402.8,0.44,435.56
14/02/2020,Friday,WTA,Within_Treatment,Ora.Red,male,a10064,,1909.75,4.34349,0,5.08,434.92,0.32,440
14/02/2020,Friday,WTA,Within_Treatment,Gre.Pin,female,a10036,,3117.9,7.11719,95.8,69.28,274.84,0.12,439.92
14/02/2020,Friday,WTA,Within_Treatment,Pin.Bla,male,a10092,,2121.59,4.85045,58.44,105,275.8,0.16,439.24
14/02/2020,Friday,WTA,Within_Treatment,Ora.Bro,male,a10070,,2617.43,5.95196,107.76,98.24,234.04,0.32,440.04
14/02/2020,Friday,WTA,Within_Treatment,Pin.Gre,female,a10087,,233.282,0.532558,0,0,439.32,171.56,439.32
14/02/2020,Friday,WTA,Within_Treatment,Red.Whi,female,a10172,,1343.53,3.07332,0,4.88,434.56,4.68,439.44
14/02/2020,Friday,WTA,Within_Treatment,Bro.Bro,male,a10201,,2893.81,6.58463,223.44,113,103.56,0.16,440
14/02/2020,Friday,WTA,Within_Treatment,Pur.Blu,female,a10079,,2406.2,5.62827,100.52,105.36,230.88,0.24,436.76
14/02/2020,Friday,WTA,Within_Treatment,Whi.Pur,female,a10158,,197.033,0.447964,0,0,440.04,316.48,440.04
14/02/2020,Friday,WTA,Within_Treatment,Blu.Yel,male,a10055,,2215.17,5.06998,83.44,99.16,256.84,0.32,439.44
14/02/2020,Friday,WTA,Within_Treatment,Pur._,male,a10077,,2000.26,4.55102,29.28,38.12,372.64,0.16,440.04
14/02/2020,Friday,MB,Maternal,Yel.Ora,female,a9778,,3035.82,7.01307,119.4,135.8,182.96,0.08,438.16
14/02/2020,Friday,MB,Maternal,Pin.Yel,female,a9854,,3081.85,7.20934,138.28,119.64,180.4,0,438.32
14/02/2020,Friday,MB,Maternal,Yel.Bla,female,a9777,,2164.73,5.13699,49.2,53.52,333.6,0.2,436.32
14/02/2020,Friday,MB,Maternal,Pur.Pin,male,a9824,,3769.75,8.85083,212.2,98.2,127.96,0.04,438.36
14/02/2020,Friday,MB,Maternal,Blu.Blu,male,a9843,,1252.83,2.84734,0,14.88,425.16,2.04,440.04
14/02/2020,Friday,MB,Maternal,Red.Pin,male,a9755,,2909.88,6.71904,165.84,113.92,159.24,0.04,439
14/02/2020,Friday,MB,Maternal,_.Blu,male,a9844,,2037.08,4.63267,89.12,101.92,249,6.76,440.04
14/02/2020,Friday,MB,Maternal,Bla.Gre,female,a9787,,1966.42,5.45017,196.8,112.36,106.2,0.2,415.36
14/02/2020,Friday,MB,Maternal,Red.Bla,male,a9756,,3394.4,7.71454,89.84,126.16,224.04,0.08,440.04
14/02/2020,Friday,MB,Maternal,_._,female,a9774,,2358.56,5.70362,92.12,62.4,280.68,0.16,435.2
14/02/2020,Friday,MB,Maternal,Gre.Ora,female,a9868,,2823.33,6.45304,101.8,69.4,268.04,0.04,439.24
14/02/2020,Friday,MB,Maternal,Pin.Whi,female,a9862,,2166.15,4.9879,30.48,24.8,383.6,7.88,438.88
14/02/2020,Friday,MB,Maternal,Gre.Pur,female,a9867,,1784.77,4.36033,31.32,81.24,318.88,2.16,431.44
14/02/2020,Friday,MB,Maternal,_.Red,male,a9849,,1712.93,3.89301,20.84,50.12,369.08,0.8,440.04
14/02/2020,Friday,MB,Maternal,Ora.Pur,male,a9821,,2079.29,4.73859,122.92,173.96,142.84,0.08,439.72
14/02/2020,Friday,MB,Maternal,_.Ora,female,a10198,,2794.34,6.36407,242.2,94.52,103.24,0.04,439.96
14/02/2020,Friday,MB,Maternal,Red._,male,a9752,,2879.32,6.61243,35.2,70.64,333.24,0.04,439.08
14/02/2020,Friday,MB,Maternal,Yel.Yel,male,a9765,,2909.99,6.71494,54.04,117.6,265.84,0.12,437.48
14/02/2020,Friday,MB,Maternal,Blu.Gre,male,a9846,,3344.59,7.60825,111.48,94.96,233.6,0.08,440.04
14/02/2020,Friday,MB,Maternal,Ora.Yel,male,a9813,,2945.24,6.91112,111.92,67.96,257.52,0.16,437.4
14/02/2020,Friday,WCA,Within_Control,Gre.Blu,female,a9553,,2739.14,6.24292,125.96,118.2,195.88,0.16,440.04
14/02/2020,Friday,WCA,Within_Control,Ora.Blu,female,a9607,,2588.51,6.46481,135.52,169.2,127.84,0.12,432.56
14/02/2020,Friday,WCA,Within_Control,Red.Bla,male,a9676,,221.84,0.509977,0,0,439.48,146.28,439.48
14/02/2020,Friday,WCA,Within_Control,Gre.Bla,male,a9554,,2347.63,5.33844,66.68,120.84,252.52,0.24,440.04
14/02/2020,Friday,WCA,Within_Control,Red.Pin,female,a9673,,2988.12,6.96792,85.04,129.36,223.04,0.08,437.44
14/02/2020,Friday,WCA,Within_Control,Ora.Ora,male,a9706,,2465.89,6.01846,143.84,93.56,193.76,0.2,431.16
14/02/2020,Friday,WCA,Within_Control,Red.Gre,male,a9680,,2195.11,5.00162,103.92,65.8,270.16,0.4,439.88
14/02/2020,Friday,WCA,Within_Control,Red.Whi,female,a9679,,837.469,1.90994,0,0,439.64,76.04,439.64
14/02/2020,Friday,WCA,Within_Control,Red.Yel,female,a9678,,2518.27,5.78487,156.76,72.52,209.88,0.2,439.16
14/02/2020,Friday,WCA,Within_Control,Pin.Gre,male,a9588,,2317.82,5.28555,51.2,90.6,298.16,0.16,439.96
14/02/2020,Friday,WCA,Within_Control,Pur.Red,female,a9566,,671.333,1.52645,75.48,33.72,330.84,49,440.04
14/02/2020,Friday,WCA,Within_Control,Ora.Red,male,a9606,,2967.82,6.78824,198.8,81.08,159.8,0.16,439.68
14/02/2020,Friday,WCA,Within_Control,Gre.Bro,male,a9558,,2348.22,5.34124,274.32,84.64,81.04,0.12,440
14/02/2020,Friday,WCA,Within_Control,Red.Ora,male,a9681,,1721.69,3.91293,0,0,440.04,0.24,440.04
14/02/2020,Friday,WCA,Within_Control,Whi.Bla,female,a9598,,2525.21,6.31176,77.48,82.64,269.4,0.2,429.52
14/02/2020,Friday,WCA,Within_Control,Whi.Yel,female,a9599,,967.021,2.21266,0,0,439.48,1.4,439.48
14/02/2020,Friday,WCA,Within_Control,Gre.Pur,female,a9556,,3175.4,7.22273,143.84,155.92,140.28,0.04,440.04
14/02/2020,Friday,WCA,Within_Control,Pur._,male,a9562,,692.42,1.57397,0,0,440.04,143.16,440.04
14/02/2020,Friday,WCA,Within_Control,Ora.Gre,female,a9603,,2245.24,5.11912,73.24,94.64,271.92,0.2,439.8
14/02/2020,Friday,WCA,Within_Control,Ora.Whi,male,a9611,,2778.12,6.32656,151.08,112.28,176.52,0.2,439.88
2/03/2020,Monday,WCB,Within_Control,Blu.Bro,female,a9579,"First two tanks started delayed due to evacuation (30 mins, water wasn't changed)Wifi connection lost, may need to change arena settings for following trials",1305.95,2.96807,12.64,11.2,416.24,1.28,440.08
2/03/2020,Monday,WCB,Within_Control,Blu.Gre,female,a9578,,1505.65,3.42192,61.92,63.36,314.8,0.32,440.08
2/03/2020,Monday,WCB,Within_Control,Bro.Bla,female,a9700,,1857.7,4.22204,150.48,122.32,167.28,0.48,440.08
2/03/2020,Monday,WCB,Within_Control,Ora.Gre,male,a9612,,277.191,0.62998,0,0,440.08,281.92,440.08
2/03/2020,Monday,WCB,Within_Control,Red.Bro,male,a9677,,363.707,0.826606,0,0,440.08,202.96,440.08
2/03/2020,Monday,WCB,Within_Control,Blu.Pur,male,a9581,,1190.75,2.70625,124.8,40.88,274.4,4.24,440.08
2/03/2020,Monday,WCB,Within_Control,Pin.Yel,male,a9587,,2022.54,4.59669,86.56,76.24,277.28,0.4,440.08
2/03/2020,Monday,WCB,Within_Control,Blu.Blu,male,a9575,,2133.93,4.84984,11.2,144.16,284.72,0.48,440.08
2/03/2020,Monday,WCB,Within_Control,_.Pur,female,a9605,,1177.8,2.67682,36.48,65.2,338.4,0.16,440.08
2/03/2020,Monday,WCB,Within_Control,Pin.Whi,male,a9590,,48.4961,0.110218,0,0.56,439.52,394.08,440.08
2/03/2020,Monday,WCB,Within_Control,Ora.Bro,male,a9610,,1289.13,2.92985,0,0,440.08,0.64,440.08
2/03/2020,Monday,WCB,Within_Control,Blu.Whi,female,a9580,,1098.81,2.49731,2.32,30.64,407.12,13.84,440.08
2/03/2020,Monday,WCB,Within_Control,Whi.Ora,female,a9596,,1921.7,4.36749,52.48,77.28,310.32,0,440.08
2/03/2020,Monday,WCB,Within_Control,Blu.Ora,female,a9583,,798.265,1.81424,17.6,26.56,395.92,153.6,440.08
2/03/2020,Monday,WCB,Within_Control,Ora.Bla,female,a9608,,1430.99,3.25225,288.08,97.76,54.24,0.48,440.08
2/03/2020,Monday,WCB,Within_Control,Pur.Pin,male,a9686,,1086.23,2.46871,0,0,440.08,12.96,440.08
2/03/2020,Monday,WCB,Within_Control,Bro.Gre,female,a9704,,1981.84,4.50419,73.44,101.04,265.6,0.72,440.08
2/03/2020,Monday,WCB,Within_Control,Yel.Yel,female,a9613,,1014.11,2.30479,0,0,440.08,1.84,440.08
2/03/2020,Monday,WCB,Within_Control,Blu.Red,male,a9582,,2322.16,5.27763,93.84,65.04,281.2,12.48,440.08
2/03/2020,Monday,WCB,Within_Control,Pur.Blu,male,a9687,,2458.29,5.58703,133.12,93.28,213.68,1.2,440.08
2/03/2020,Monday,MA,Maternal,Bro.Gre,female,a9796,,671.358,1.52581,17.92,22,400.16,79.36,440.08
2/03/2020,Monday,MA,Maternal,Red.Yel,female,a9761,,2109.92,4.79528,170.88,103.44,165.76,0.08,440.08
2/03/2020,Monday,MA,Maternal,Red.Blu,female,a9759,,7.03247,0.0159829,0,0,440.08,440,440.08
2/03/2020,Monday,MA,Maternal,_.Yel,male,a9764,,1217.86,2.76786,0,0,440.08,1.12,440.08
2/03/2020,Monday,MA,Maternal,Gre.Gre,female,a9804,,1467.34,3.33487,0,0,440.08,0.24,440.08
2/03/2020,Monday,MA,Maternal,Red.Red,male,a9754,,1616.7,3.67432,17.12,88.8,334.16,0.24,440.08
2/03/2020,Monday,MA,Maternal,Bro.Yel,female,a9794,,639.614,1.45367,0,0,440.08,4.08,440.08
2/03/2020,Monday,MA,Maternal,Red.Bro,male,a9760,,1745.63,3.96806,10.24,47.44,382.4,0.24,440.08
2/03/2020,Monday,MA,Maternal,Red.Gre,female,a9758,,1761.89,4.00429,98.64,101.28,240.16,0.32,440.08
2/03/2020,Monday,MA,Maternal,Gre.Blu,male,a9808,,7.01374,0.0159403,0,0,440.08,440,440.08
2/03/2020,Monday,MA,Maternal,Whi.Ora,female,a9839,,241.115,0.547988,0,0,440.08,230.24,440.08
2/03/2020,Monday,MA,Maternal,Gre.Whi,female,a9809,,1840.99,4.18407,119.36,54.4,266.32,1.44,440.08
2/03/2020,Monday,MA,Maternal,_.Bla,male,a9800,,441.771,1.00403,0,0,440.08,158.16,440.08
2/03/2020,Monday,MA,Maternal,Red.Pur,female,a9762,,1383.77,3.14494,0,0,440.08,0.96,440.08
2/03/2020,Monday,MA,Maternal,Blu.Yel,female,a9845,,9.02942,0.0205214,0,0,440.08,440,440.08
2/03/2020,Monday,MA,Maternal,Red._,female,a9848,,945.819,2.14959,23.52,49.76,366.8,26.8,440.08
2/03/2020,Monday,MA,Maternal,Bro.Pin,male,a9793,,13.8289,0.0314294,0,0,440.08,435.68,440.08
2/03/2020,Monday,MA,Maternal,_.Gre,male,a9803,,1901.75,4.32217,37.68,116.72,285.68,16.88,440.08
2/03/2020,Monday,MA,Maternal,Pin.Ora,male,a9858,,687.686,1.56292,0,0,440.08,111.04,440.08
2/03/2020,Monday,MA,Maternal,Yel._,male,a9763,,27.2418,0.0619132,0,0,440.08,414.64,440.08
2/03/2020,Monday,WTB,Within_Treatment,Gre.Pur,male,a10043,,1871.71,4.25388,83.6,79.84,276.64,0.4,440.08
2/03/2020,Monday,WTB,Within_Treatment,Ora.Ora,female,a10060,,2731.25,6.20739,198.16,108.08,133.84,0.08,440.08
2/03/2020,Monday,WTB,Within_Treatment,_.Blu,female,a10040,,1832.56,4.1649,40.16,129.76,270.16,0.08,440.08
2/03/2020,Monday,WTB,Within_Treatment,Whi.Bro,female,a10159,,2094.86,4.76105,167.52,48.72,223.84,0.72,440.08
2/03/2020,Monday,WTB,Within_Treatment,Yel.Yel,female,a10097,Jumped,2102.91,4.77933,127.12,66.88,246.08,0.4,440.08
2/03/2020,Monday,WTB,Within_Treatment,Pin.Bro,male,a10088,,1920.22,4.36414,88.56,99.44,252.08,2.32,440.08
2/03/2020,Monday,WTB,Within_Treatment,Whi.Bla,male,a10152,,1347.47,3.06244,0,0,440.08,0.88,440.08
2/03/2020,Monday,WTB,Within_Treatment,Pur.Pur,female,a10081,,1905.09,4.33054,57.76,77.68,304.64,0.32,440.08
2/03/2020,Monday,WTB,Within_Treatment,Whi.Pin,female,a10154,,1611.77,3.66311,69.68,105.36,265.04,0.72,440.08
2/03/2020,Monday,WTB,Within_Treatment,Ora.Pin,female,a10063,,1524.63,3.46507,305.92,55.2,78.96,0.24,440.08
2/03/2020,Monday,WTB,Within_Treatment,Pin.Red,male,a10089,,1668.31,3.79162,50.16,77.36,312.56,1.44,440.08
2/03/2020,Monday,WTB,Within_Treatment,Pur.Gre,male,a10074,,1722.72,3.91526,86.88,120.88,232.32,0.24,440.08
2/03/2020,Monday,WTB,Within_Treatment,_.Yel,male,a10096,,2020.47,4.59197,339.28,55.68,45.12,0.8,440.08
2/03/2020,Monday,WTB,Within_Treatment,Red.Bro,male,a10169,,2872.03,6.52733,70.64,143.36,226.08,0.08,440.08
2/03/2020,Monday,WTB,Within_Treatment,Whi.Ora,female,a10160,,991.45,2.25329,0,9.12,430.96,2.16,440.08
2/03/2020,Monday,WTB,Within_Treatment,Red._,male,a10155,,1146.64,2.60601,0,2.16,437.92,63.52,440.08
2/03/2020,Monday,WTB,Within_Treatment,Pur.Red,female,a10076,,1141.14,2.59349,97.84,59.04,283.2,128.08,440.08
2/03/2020,Monday,WTB,Within_Treatment,Blu.Ora,female,a10059,,945.861,2.14968,0,0,440.08,110.4,440.08
2/03/2020,Monday,WTB,Within_Treatment,Gre._,male,a10037,,1880.12,4.273,157.84,151.92,130.32,0.24,440.08
2/03/2020,Monday,WTB,Within_Treatment,Gre.Bro,male,a10044,,3202.08,7.27746,248,124.88,67.2,0.08,440.08
2/03/2020,Monday,PA,Paternal,Whi.Bro,female,a9929,,973.144,2.21169,18.08,45.84,376.16,109.6,440.08
2/03/2020,Monday,PA,Paternal,Whi.Red,male,a9931,,644.333,1.46439,0,0,440.08,32.8,440.08
2/03/2020,Monday,PA,Paternal,Blu.Bla,male,a9984,,2414.39,5.48726,106.4,117.28,216.4,0.88,440.08
2/03/2020,Monday,PA,Paternal,Ora.Pin,female,a9961,,1631.69,3.70838,192.24,94.16,153.68,0.08,440.08
2/03/2020,Monday,PA,Paternal,Gre.Gre,female,a9874,,2229.71,5.06753,83.52,84,272.56,0.48,440.08
2/03/2020,Monday,PA,Paternal,Bla.Gre,female,a9922,,2319.61,5.27185,117.84,74.88,247.36,0.16,440.08
2/03/2020,Monday,PA,Paternal,Pin.Blu,male,a9960,,926.852,2.10648,17.68,34.08,388.32,10.72,440.08
2/03/2020,Monday,PA,Paternal,Gre.Pin,male,a9880,,2134.49,4.85111,95.68,71.44,272.96,0.24,440.08
2/03/2020,Monday,PA,Paternal,Bla.Pin,male,a9919,,2709.31,6.15752,149.12,119.2,171.76,0,440.08
2/03/2020,Monday,PA,Paternal,_.Bro,female,a9917,,2143.41,4.87139,191.6,74.48,174,0.32,440.08
2/03/2020,Monday,PA,Paternal,Ora.Ora,female,a9962,,2757.02,6.26595,230.24,77.12,132.72,0,440.08
2/03/2020,Monday,PA,Paternal,Gre.Blu,male,a9881,,12.2474,0.0278349,0,0,440.08,440,440.08
2/03/2020,Monday,PA,Paternal,Pin.Pur,female,a9957,,1487.64,3.381,56.08,51.44,332.56,0.88,440.08
2/03/2020,Monday,PA,Paternal,Pin.Yel,male,a9956,,2500.38,5.68268,59.52,89.68,290.88,0.24,440.08
2/03/2020,Monday,PA,Paternal,Gre.Ora,female,a9876,,2295.99,5.21817,92.32,98.24,249.52,0.56,440.08
2/03/2020,Monday,PA,Paternal,Bla.Red,female,a9921,,1642.16,3.73218,0,5.84,434.24,0.64,440.08
2/03/2020,Monday,PA,Paternal,_.Gre,male,a9873,,1853.32,4.21209,80.88,66.96,292.24,0.56,440.08
2/03/2020,Monday,PA,Paternal,Bla.Ora,female,a9887,,1379.04,3.13419,22.48,85.92,331.68,0.96,440.08
2/03/2020,Monday,PA,Paternal,Pin.Red,female,a9958,,1975.97,4.49085,91.28,102,246.8,0.64,440.08
2/03/2020,Monday,PA,Paternal,Whi.Whi,male,a9926,,1418.27,3.22334,40.16,50.4,349.52,74.08,440.08
2/03/2020,Monday,WCA,Within_Control,Red.Pin,female,a9673,,2479.94,5.63623,127.76,88.24,224.08,0.08,440.08
2/03/2020,Monday,WCA,Within_Control,Whi.Yel,female,a9599,,2538.11,5.76844,170.08,104.48,165.52,0.16,440.08
2/03/2020,Monday,WCA,Within_Control,Red.Gre,male,a9680,,2571.68,5.84473,160.48,97.52,182.08,0.08,440.08
2/03/2020,Monday,WCA,Within_Control,Red.Bla,male,a9676,,1045.88,2.37701,0,0,440.08,70.16,440.08
2/03/2020,Monday,WCA,Within_Control,Red.Yel,female,a9678,,1969.15,4.47534,139.76,73.52,226.8,0,440.08
2/03/2020,Monday,WCA,Within_Control,Gre.Pur,female,a9556,,2690.1,6.11386,144.8,140.72,154.56,0.24,440.08
2/03/2020,Monday,WCA,Within_Control,Ora.Blu,female,a9607,,2178.05,4.95101,134.24,114.24,191.52,0.24,440
2/03/2020,Monday,WCA,Within_Control,Pur._,male,a9562,,44.3564,0.10081,0,0,440.08,411.04,440.08
2/03/2020,Monday,WCA,Within_Control,Ora.Red,male,a9606,,1748.47,3.97379,35.6,72.8,331.68,0.48,440.08
2/03/2020,Monday,WCA,Within_Control,Gre.Bla,male,a9554,,1662.51,3.77843,190.72,126.88,122.48,0.4,440.08
2/03/2020,Monday,WCA,Within_Control,Blu.Yel,female,a9577,,1766.44,4.01464,44.96,57.04,338.08,1.44,440.08
2/03/2020,Monday,WCA,Within_Control,Pur.Red,female,a9566,,1596.72,3.62891,46.64,37.2,356.24,0.32,440.08
2/03/2020,Monday,WCA,Within_Control,Ora.Ora,male,a9706,,1952.76,4.43809,34.56,56.96,348.56,0.4,440.08
2/03/2020,Monday,WCA,Within_Control,Ora.Whi,male,a9611,,2214.7,5.0334,81.76,120.96,237.36,0.08,440.08
2/03/2020,Monday,WCA,Within_Control,Red.Ora,male,a9681,,699.378,1.5895,0,0,440.08,46.96,440.08
2/03/2020,Monday,WCA,Within_Control,Pin.Gre,male,a9588,,1223.65,2.78103,11.44,30.08,398.56,1.6,440.08
2/03/2020,Monday,WCA,Within_Control,Red.Whi,female,a9679,,1327.21,3.01638,34.24,77.04,328.8,13.2,440.08
2/03/2020,Monday,WCA,Within_Control,Ora.Gre,female,a9603,,1780.38,4.0478,0,29.2,410.72,0.32,439.92
2/03/2020,Monday,WCA,Within_Control,Gre.Bro,male,a9558,,3004.42,6.82824,285.6,103.92,50.4,0.08,440.08
2/03/2020,Monday,WCA,Within_Control,Gre.Blu,female,a9553,,2571.5,5.84431,138.32,105.12,196.64,0.8,440.08
2/03/2020,Monday,MB,Maternal,Red.Pin,male,a9755,,2177.79,4.94951,169.28,89.92,180.88,0.08,440.08
2/03/2020,Monday,MB,Maternal,_.Ora,female,a10198,,1632.96,3.71127,202.24,133.76,104.08,16.8,440.08
2/03/2020,Monday,MB,Maternal,Gre.Ora,female,a9868,,2381.1,5.4116,74.88,84.32,280.88,0.16,440.08
2/03/2020,Monday,MB,Maternal,Bla.Gre,female,a9787,,2333.01,5.30229,148.24,79.04,212.8,0.24,440.08
2/03/2020,Monday,MB,Maternal,_.Blu,male,a9844,,1535.95,3.49079,108.56,64.16,267.2,2.4,440.08
2/03/2020,Monday,MB,Maternal,Blu.Blu,male,a9843,,84.9706,0.193115,0,0,440.08,336.16,440.08
2/03/2020,Monday,MB,Maternal,Red.Bla,male,a9756,,2492.15,5.66398,76.08,133.6,230.4,0.08,440.08
2/03/2020,Monday,MB,Maternal,Ora.Yel,male,a9813,wrong label,2384.68,5.42269,141.52,91.28,207.28,0.08,440.08
2/03/2020,Monday,MB,Maternal,Pur.Pin,male,a9824,,2583.12,5.87073,154.72,81.12,204.24,0.08,440.08
2/03/2020,Monday,MB,Maternal,Gre.Pur,female,a9867,,2114.05,4.80902,91.44,72.08,276.48,0.24,440
2/03/2020,Monday,MB,Maternal,Yel.Ora,female,a9778,,2402.68,5.46064,47.84,86.88,305.36,0.88,440.08
2/03/2020,Monday,MB,Maternal,Pin.Whi,female,a9862,,2441.2,5.54817,98.08,65.76,276.24,0.48,440.08
2/03/2020,Monday,MB,Maternal,Red._,male,a9752,,1542.01,3.50457,30.56,111.2,298.32,0.72,440.08
2/03/2020,Monday,MB,Maternal,Pin.Yel,female,a9854,,2962.48,6.74027,248,101.44,90.64,0,440.08
2/03/2020,Monday,MB,Maternal,Ora.Pur,male,a9821,,2107.24,4.78917,141.44,104.32,194.32,0,440.08
2/03/2020,Monday,MB,Maternal,Yel.Bla,female,a9777,,1943.15,4.41624,24.8,74.64,340.64,0.48,440.08
2/03/2020,Monday,MB,Maternal,Yel.Yel,male,a9765,,1777.06,4.03878,103.36,103.76,232.96,0.4,440.08
2/03/2020,Monday,MB,Maternal,_.Red,male,a9849,,1385.42,3.14867,15.2,51.2,373.68,2.56,440.08
2/03/2020,Monday,MB,Maternal,_._,female,a9774,,2103.53,4.78074,166.72,69.6,203.76,0.24,440.08
2/03/2020,Monday,MB,Maternal,Blu.Gre,male,a9846,,2093.42,4.7595,70.96,92.4,276.72,0.96,440.08
2/03/2020,Monday,WTA,Within_Treatment,Pin.Gre,female,a10087,,8.6507,0.0196607,0,0,440.08,439.04,440.08
2/03/2020,Monday,WTA,Within_Treatment,Ora.Bro,male,a10070,,2279.9,5.19104,118.8,112.8,208.32,0.32,439.92
2/03/2020,Monday,WTA,Within_Treatment,Red.Bla,female,a10164,,2341.83,5.32234,164.16,92.56,183.36,0.08,440.08
2/03/2020,Monday,WTA,Within_Treatment,Blu.Blu,female,a10046,,2551.37,5.79857,135.36,117.68,187.04,0.4,440.08
2/03/2020,Monday,WTA,Within_Treatment,Red.Whi,female,a10172,,2080.57,4.72857,113.28,119.04,207.76,1.04,440.08
2/03/2020,Monday,WTA,Within_Treatment,Pur.Blu,female,a10079,,2957.08,6.7985,313.92,71.84,53.44,0.16,439.2
2/03/2020,Monday,WTA,Within_Treatment,Blu._,female,a10039,,2555.16,5.80718,195.68,60,184.4,0.16,440.08
2/03/2020,Monday,WTA,Within_Treatment,Bro.Bro,male,a10201,,2332.1,5.30022,348.32,49.68,42.08,0.24,440.08
2/03/2020,Monday,WTA,Within_Treatment,Gre.Blu,female,a10041,,2164.02,4.91822,61.52,106.72,271.84,0.08,440.08
2/03/2020,Monday,WTA,Within_Treatment,Pin.Bla,male,a10092,,1584.58,3.60132,26.16,47.84,366.08,1.12,440.08
2/03/2020,Monday,WTA,Within_Treatment,Whi.Yel,male,a10157,,1897.59,4.3127,105.92,107.92,226.24,1.28,440.08
2/03/2020,Monday,WTA,Within_Treatment,Yel._,male,a10095,,2859.48,6.51659,123.28,117.36,199.44,0.32,440.08
2/03/2020,Monday,WTA,Within_Treatment,Blu.Yel,male,a10055,,2164.39,4.91906,130.64,85.52,223.92,0.24,440.08
2/03/2020,Monday,WTA,Within_Treatment,Whi.Pur,female,a10158,,256.711,0.583434,0,0,440.08,303.6,440.08
2/03/2020,Monday,WTA,Within_Treatment,Pin.Blu,male,a10090,,3144.43,7.14642,142.24,138.8,159.04,0.24,440.08
2/03/2020,Monday,WTA,Within_Treatment,Pur._,male,a10077,,1657.23,3.76642,74.56,111.44,254.08,0.8,440.08
2/03/2020,Monday,WTA,Within_Treatment,Gre.Gre,female,a10034,,1036.11,2.3548,0,3.92,436.16,96.56,440.08
2/03/2020,Monday,WTA,Within_Treatment,Ora.Red,male,a10064,,2052.73,4.67294,80.96,134.88,224.08,0,439.92
2/03/2020,Monday,WTA,Within_Treatment,Red.Pur,male,a10166,,144.155,0.327625,0,0,440.08,393.68,440.08
2/03/2020,Monday,WTA,Within_Treatment,Gre.Pin,female,a10036,,2457.16,5.5865,90.16,72.8,277.12,0.16,440.08
2/03/2020,Monday,PB,Paternal,Whi._,female,a9924,,2404.08,5.46382,173.52,128.32,138.24,0.4,440.08
2/03/2020,Monday,PB,Paternal,_.Red,female,a9903,,416.583,0.946779,0,0,440.08,175.68,440.08
2/03/2020,Monday,PB,Paternal,_.Pur,male,a9981,probs female,2223.46,5.05331,79.44,86.64,274,2.88,440.08
2/03/2020,Monday,PB,Paternal,Red._,male,a9941,,2288.46,5.20862,221.28,76.72,142,0.24,440
2/03/2020,Monday,PB,Paternal,Yel.Gre,male,a9901,,2051.67,4.66289,117.28,110.96,211.84,0.08,440.08
2/03/2020,Monday,PB,Paternal,Pin.Gre,female,a9952,,988.432,2.24644,21.36,17.52,401.2,24.8,440.08
2/03/2020,Monday,PB,Paternal,Whi.Ora,female,a9927,,1314.5,2.98749,28.24,24.88,386.96,14.48,440.08
2/03/2020,Monday,PB,Paternal,Blu.Gre,male,a9983,,340.635,0.774171,0,0,440.08,289.84,440.08
2/03/2020,Monday,PB,Paternal,Red.Bla,male,a9949,,1865.25,4.23919,109.92,143.52,186.64,1.44,440.08
2/03/2020,Monday,PB,Paternal,Yel.Pur,female,a9899,,1956.66,4.44937,47.04,67.6,325.44,0.72,440.08
2/03/2020,Monday,PB,Paternal,Pur.Pur,female,a9982,,1521.97,3.45903,72.4,48.08,319.6,0.48,440.08
2/03/2020,Monday,PB,Paternal,Bro._,male,a9908,,2130,4.84091,106.24,111.12,222.72,0.72,440.08
2/03/2020,Monday,PB,Paternal,Bro.Bro,female,a9910,,1173.25,2.66647,0,1.36,438.72,0.32,440.08
2/03/2020,Monday,PB,Paternal,Red.Yel,male,a9947,,933.652,2.12194,30.4,51.76,357.92,109.28,440.08
2/03/2020,Monday,PB,Paternal,Bla.Whi,female,a9923,,2035.39,4.6259,294.24,54.96,90.88,0.4,440.08
2/03/2020,Monday,PB,Paternal,Blu.Blu,male,a9973,,1491.04,3.38873,238.24,80.4,121.44,4.16,440.08
2/03/2020,Monday,PB,Paternal,Pin.Ora,female,a9953,,1458.15,3.31399,28.16,50.72,361.2,0.96,440.08
2/03/2020,Monday,PB,Paternal,Blu.Pur,male,a9975,,674.279,1.53245,0,0,440.08,130.72,440.08
2/03/2020,Monday,PB,Paternal,Bro.Blu,male,a9937,,1600.87,3.63835,0,0,440.08,0.24,440.08
2/03/2020,Monday,PB,Paternal,_.Ora,female,a9964,,1105.06,2.5115,28.16,40.24,371.68,92.16,440.08
6/03/2020,Friday,WCA,Within_Control,Ora.Gre,female,a9603,,1947.36,4.76454,129.6,180.4,126.24,0.16,436.24
6/03/2020,Friday,WCA,Within_Control,Red.Yel,female,a9678,,2345.74,5.37126,173.6,114.48,151.92,1.6,440
6/03/2020,Friday,WCA,Within_Control,Gre.Bro,male,a9558,,3177,7.32838,220.8,163.68,55.6,0.88,440.08
6/03/2020,Friday,WCA,Within_Control,Pur.Red,female,a9566,,2261.07,5.1388,76.08,118.8,245.2,0.24,440.08
6/03/2020,Friday,WCA,Within_Control,Ora.Ora,male,a9706,,1181.03,4.99251,48.08,59.6,250.72,3.12,358.4
6/03/2020,Friday,WCA,Within_Control,Gre.Blu,female,a9553,Jumped,1012.35,3.27155,60.24,49.84,290,0.32,400.08
6/03/2020,Friday,WCA,Within_Control,Red.Whi,female,a9679,,1969.71,6.18938,120.56,83.12,211.12,1.12,414.8
6/03/2020,Friday,WCA,Within_Control,Pin.Gre,male,a9588,,1206.16,3.44381,302.96,54.72,70.32,0.8,428
6/03/2020,Friday,WCA,Within_Control,Pur._,male,a9562,,478.966,1.09054,0,0,440.08,2.64,440.08
6/03/2020,Friday,WCA,Within_Control,Blu.Yel,female,a9577,,2381.85,5.52992,112.4,165.6,161.76,0.16,439.76
6/03/2020,Friday,WCA,Within_Control,Red.Bla,male,a9676,,631.611,1.43993,0,0,439.76,241.76,439.76
6/03/2020,Friday,WCA,Within_Control,Red.Pin,female,a9673,,2968.93,6.7722,89.76,221.12,129.12,0.08,440
6/03/2020,Friday,WCA,Within_Control,Red.Ora,male,a9681,,1890.36,5.42832,19.6,28.56,377.04,0.72,425.2
6/03/2020,Friday,WCA,Within_Control,Ora.Whi,male,a9611,,1812.03,4.33002,30.4,59.44,349.52,4.8,439.36
6/03/2020,Friday,WCA,Within_Control,Gre.Bla,male,a9554,,2549.57,5.83266,165.12,94.08,180.88,0.08,440.08
6/03/2020,Friday,WCA,Within_Control,Ora.Red,male,a9606,,1529.12,5.80618,100.32,64.96,236.56,0.24,401.84
6/03/2020,Friday,WCA,Within_Control,Red.Gre,male,a9680,,2622.08,5.97449,47.6,84.32,308.16,0,440.08
6/03/2020,Friday,WCA,Within_Control,Whi.Yel,female,a9599,,2874.41,6.54346,84.8,95.04,260.24,0,440.08
6/03/2020,Friday,WCA,Within_Control,Ora.Blu,female,a9607,,2357.29,5.70054,139.36,116,183.76,0.16,439.12
6/03/2020,Friday,WCA,Within_Control,Gre.Pur,female,a9556,,3060.84,6.95646,59.6,154.72,225.76,0,440.08
6/03/2020,Friday,MB,Maternal,Red.Pin,male,a9755,,1985.64,6.08944,191.6,90.88,132.48,0.56,414.96
6/03/2020,Friday,MB,Maternal,Ora.Yel,male,a9813,wrong label,1972.72,7.05754,130.48,82.64,190.08,0.24,403.2
6/03/2020,Friday,MB,Maternal,Red._,male,a9752,wrong label,964.286,4.47922,9.68,37.12,305.76,0.16,352.56
6/03/2020,Friday,MB,Maternal,_.Ora,female,a10198,,1949.89,6.73862,212,74.16,110.8,0,396.96
6/03/2020,Friday,MB,Maternal,Pin.Whi,female,a9862,,1710.52,3.94637,35.04,26.32,378.24,60.64,439.6
6/03/2020,Friday,MB,Maternal,_.Blu,male,a9844,,2100.03,4.7815,105.44,68.96,265.52,0.56,439.92
6/03/2020,Friday,MB,Maternal,Pin.Yel,female,a9854,,3632.2,8.50553,217.04,135.76,87.04,0,439.84
6/03/2020,Friday,MB,Maternal,_._,female,a9774,,2632.93,6.03772,80.8,77.36,281.92,0.32,440.08
6/03/2020,Friday,MB,Maternal,Yel.Bla,female,a9777,,1078.21,4.88499,64.88,77.2,208.16,0.16,350.24
6/03/2020,Friday,MB,Maternal,_.Red,male,a9849,,1891.85,4.30435,22.72,33.6,383.76,1.2,440.08
6/03/2020,Friday,MB,Maternal,Bla.Gre,female,a9787,,749.765,4.44595,161.44,73.04,79.28,0,313.76
6/03/2020,Friday,MB,Maternal,Blu.Blu,male,a9843,,1358.72,3.09814,30.64,40.24,368.88,1.12,439.76
6/03/2020,Friday,MB,Maternal,Red.Bla,male,a9756,,3346.94,7.60945,85.52,122,232.56,0.08,440.08
6/03/2020,Friday,MB,Maternal,Ora.Pur,male,a9821,,2825.05,6.43931,130.56,177.04,132.48,0.24,440.08
6/03/2020,Friday,MB,Maternal,Pur.Pin,male,a9824,,3958.14,9.08998,239.44,107.36,93.28,0.08,440.08
6/03/2020,Friday,MB,Maternal,Gre.Pur,female,a9867,,2328.9,5.29488,63.6,94.08,282.4,0.24,440.08
6/03/2020,Friday,MB,Maternal,Yel.Yel,male,a9765,,2349.63,6.83828,119.92,140.88,168.48,0,429.28
6/03/2020,Friday,MB,Maternal,Blu.Gre,male,a9846,,1186.39,2.69634,0.24,15.84,424,73.04,440.08
6/03/2020,Friday,MB,Maternal,Gre.Ora,female,a9868,,1972.43,7.1053,172.24,83.6,144,0.16,399.84
6/03/2020,Friday,MB,Maternal,Yel.Ora,female,a9778,,2101.31,7.8689,147.04,82.24,157.04,0.08,386.32
6/03/2020,Friday,WTA,Within_Treatment,Gre.Gre,female,a10034,,2943.59,7.46194,169.76,135.04,129.84,0.08,434.64
6/03/2020,Friday,WTA,Within_Treatment,Blu._,female,a10039,,4008.8,11.035,265.68,73.52,71.68,0.08,410.88
6/03/2020,Friday,WTA,Within_Treatment,Gre.Pin,female,a10036,,2762.19,6.31791,77.28,67.04,295.76,0.08,440.08
6/03/2020,Friday,WTA,Within_Treatment,Gre.Blu,female,a10041,Jumped,2225.11,5.12414,46.48,118.88,274.72,22.08,440.08
6/03/2020,Friday,WTA,Within_Treatment,Red.Bla,female,a10164,,1443.93,5.41852,87.84,78.48,223.28,0.08,389.6
6/03/2020,Friday,WTA,Within_Treatment,Pur.Blu,female,a10079,,1080.81,6.07468,132.48,65.52,124.64,0.96,322.64
6/03/2020,Friday,WTA,Within_Treatment,Ora.Red,male,a10064,,1336.25,6.10492,151.76,131.28,83.68,0.4,366.72
6/03/2020,Friday,WTA,Within_Treatment,Blu.Blu,female,a10046,,748.261,4.3912,36.96,85.2,186.72,0,308.88
6/03/2020,Friday,WTA,Within_Treatment,Red.Pur,male,a10166,,1565.52,3.55929,9.36,41.2,389.52,0.96,440.08
6/03/2020,Friday,WTA,Within_Treatment,Blu.Yel,male,a10055,,2235.62,5.10695,29.76,37.68,372.64,16.4,440.08
6/03/2020,Friday,WTA,Within_Treatment,Pin.Blu,male,a10090,,4512.58,10.3197,135.76,184.64,119.6,0.08,440
6/03/2020,Friday,WTA,Within_Treatment,Red.Whi,female,a10172,Jumped,2363.71,5.37206,36.64,139.28,264.16,0.4,440.08
6/03/2020,Friday,WTA,Within_Treatment,Pin.Bla,male,a10092,Jumped,815.514,3.05482,25.2,37.76,304.4,0.4,367.36
6/03/2020,Friday,WTA,Within_Treatment,Whi.Pur,female,a10158,,965.051,2.75226,0,0,420.16,1.44,420.16
6/03/2020,Friday,WTA,Within_Treatment,Ora.Bro,male,a10070,,3297.47,8.3692,109.36,103.44,225.28,0.08,438.08
6/03/2020,Friday,WTA,Within_Treatment,Whi.Yel,male,a10157,,2357.63,7.91152,189.76,106.32,122.32,0.4,418.4
6/03/2020,Friday,WTA,Within_Treatment,Pur._,male,a10077,,3116.78,7.14334,133.2,108.4,198.08,0.08,439.68
6/03/2020,Friday,WTA,Within_Treatment,Pin.Gre,female,a10087,,2407.99,5.50674,97.2,137.12,205.76,0.16,440.08
6/03/2020,Friday,WTA,Within_Treatment,Yel._,male,a10095,,3611.83,8.21768,96.32,100.56,243.2,0,440.08
6/03/2020,Friday,WTA,Within_Treatment,Bro.Bro,male,a10201,,2871.38,6.56405,336.32,60.8,42.8,5.12,439.92
6/03/2020,Friday,PB,Paternal,Pin.Ora,female,a9953,,771.292,3.92555,8.8,54.56,258,0.08,321.36
6/03/2020,Friday,PB,Paternal,Whi.Ora,female,a9927,,2065.88,5.75645,103.44,104.88,220.96,0.16,429.28
6/03/2020,Friday,PB,Paternal,Red.Yel,male,a9947,,1499.11,3.42888,26.24,33.36,380.24,1.52,439.84
6/03/2020,Friday,PB,Paternal,Blu.Gre,male,a9983,,1264.91,4.47026,69.84,38,293.84,0.64,401.68
6/03/2020,Friday,PB,Paternal,_.Ora,female,a9964,,1903.57,4.99886,58.56,58,315.28,0.4,431.84
6/03/2020,Friday,PB,Paternal,Bro.Blu,male,a9937,,1484.65,3.37606,0,0,440.08,7.68,440.08
6/03/2020,Friday,PB,Paternal,Pur.Pur,female,a9982,,2401.6,5.45818,83.28,103.6,253.2,0,440.08
6/03/2020,Friday,PB,Paternal,Red.Bla,male,a9949,,2724.22,6.1914,72.08,137.04,230.96,0.32,440.08
6/03/2020,Friday,PB,Paternal,Yel.Gre,male,a9901,,3052.7,8.02496,82.48,100.8,251.68,0.16,434.96
6/03/2020,Friday,PB,Paternal,_.Pur,male,a9981,,2311.37,5.32672,59.52,71.04,309.2,0.24,439.76
6/03/2020,Friday,PB,Paternal,Pin.Gre,female,a9952,,2453.9,7.37349,173.28,87.68,156.48,0.16,417.44
6/03/2020,Friday,PB,Paternal,Bro.Bro,female,a9910,,1144.88,2.99582,37.68,30.32,361.44,0.72,429.44
6/03/2020,Friday,PB,Paternal,Yel.Pur,female,a9899,,839.571,2.2434,0,0,427.6,40.72,427.6
6/03/2020,Friday,PB,Paternal,Red._,male,a9941,,2907.03,6.6407,47.76,115.28,276.88,0.32,439.92
6/03/2020,Friday,PB,Paternal,Blu.Blu,male,a9973,,1926.36,4.41825,227.68,69.12,142.96,2.16,439.76
6/03/2020,Friday,PB,Paternal,Bla.Whi,female,a9923,,2808.39,6.39085,111.36,79.36,249.36,0.88,440.08
6/03/2020,Friday,PB,Paternal,Whi._,female,a9924,,1598.9,6.36709,167.04,98.32,120.08,0.08,385.44
6/03/2020,Friday,PB,Paternal,Blu.Pur,male,a9975,,475.462,1.11716,0,0,438.24,266.32,438.24
6/03/2020,Friday,PB,Paternal,_.Red,female,a9903,,466.7,1.42009,0,0,400.24,49.04,400.24
6/03/2020,Friday,PB,Paternal,Bro._,male,a9908,,3200.81,8.74921,124.64,117.2,183.36,0.08,425.2
6/03/2020,Friday,WCB,Within_Control,Bro.Bla,female,a9700,,2292.06,5.41091,83.36,70.72,283.12,0.32,437.2
6/03/2020,Friday,WCB,Within_Control,Blu.Ora,female,a9583,,363.84,0.826909,0,0,440.08,173.44,440.08
6/03/2020,Friday,WCB,Within_Control,Ora.Gre,male,a9612,,2014.43,4.58076,25.6,64.64,349.84,0.32,440.08
6/03/2020,Friday,WCB,Within_Control,Blu.Bro,female,a9579,,1992.01,4.52728,42.64,78.32,319.12,0.4,440.08
6/03/2020,Friday,WCB,Within_Control,Blu.Whi,female,a9580,,1310.86,5.14466,37.12,69.2,271.36,0.16,377.68
6/03/2020,Friday,WCB,Within_Control,Bro.Gre,female,a9704,,1058.29,3.57047,18.96,37.52,329.6,0.16,386.08
6/03/2020,Friday,WCB,Within_Control,Blu.Red,male,a9582,,1633.5,3.94717,30.96,24,384.24,0.48,439.2
6/03/2020,Friday,WCB,Within_Control,Pin.Yel,male,a9587,,2846.05,8.12599,125.12,62.48,239.12,0,426.72
6/03/2020,Friday,WCB,Within_Control,Whi.Ora,female,a9596,,2417.62,5.53484,14.4,15.76,409.92,0.08,440.08
6/03/2020,Friday,WCB,Within_Control,Blu.Gre,female,a9578,,2184.84,4.97279,59.2,36.08,344.8,0.24,440.08
6/03/2020,Friday,WCB,Within_Control,Ora.Bro,male,a9610,,2306.7,5.25397,30,50.4,359.68,0.16,440.08
6/03/2020,Friday,WCB,Within_Control,Yel.Yel,female,a9613,,1922.54,4.36941,0,0,440.08,0.16,440.08
6/03/2020,Friday,WCB,Within_Control,Pur.Pin,male,a9686,,1377.06,3.78731,0,0,428.56,0.72,428.56
6/03/2020,Friday,WCB,Within_Control,Red.Bro,male,a9677,,370.299,0.868106,0,0,437.12,160.72,437.12
6/03/2020,Friday,WCB,Within_Control,Pin.Whi,male,a9590,,665.408,1.5489,0,0,438,47.52,438
6/03/2020,Friday,WCB,Within_Control,Ora.Bla,female,a9608,,1189.84,4.40552,123.36,84.96,175.28,0.32,383.6
6/03/2020,Friday,WCB,Within_Control,Pur.Blu,male,a9687,,2567.24,6.1535,94.72,68.96,273.52,0.24,437.2
6/03/2020,Friday,WCB,Within_Control,Blu.Blu,male,a9575,,3254.94,7.3976,39.52,120.48,280.08,0,440.08
6/03/2020,Friday,WCB,Within_Control,_.Pur,female,a9605,,2468.37,5.61914,164.56,160,115.52,0,440.08
6/03/2020,Friday,WCB,Within_Control,Blu.Pur,male,a9581,,1950.81,4.43365,18.48,97.44,324.16,0.16,440.08
6/03/2020,Friday,MA,Maternal,Red.Gre,female,a9758,,582.851,4.71257,81.12,76.8,93.76,0.16,251.68
6/03/2020,Friday,MA,Maternal,Red.Red,male,a9754,,1343.94,5.13737,14.96,100.48,279.84,0,395.28
6/03/2020,Friday,MA,Maternal,Bro.Yel,female,a9794,,915.158,2.11177,0,0,439.76,0.88,439.76
6/03/2020,Friday,MA,Maternal,Gre.Blu,male,a9808,,839.999,2.68679,0,0,404.64,1.2,404.64
6/03/2020,Friday,MA,Maternal,Whi.Ora,female,a9839,,1525.23,3.66782,0,15.36,422,0.48,437.36
6/03/2020,Friday,MA,Maternal,Red.Bro,male,a9760,,2627.36,5.97127,26.96,84.72,328.4,0.16,440.08
6/03/2020,Friday,MA,Maternal,Gre.Whi,female,a9809,,2594.18,5.93255,156.48,58.48,225.12,0.32,440.08
6/03/2020,Friday,MA,Maternal,Red.Pur,female,a9762,,2179.42,4.95502,0,6.56,433.52,0.16,440.08
6/03/2020,Friday,MA,Maternal,Red.Yel,female,a9761,,1928.17,7.25967,128.56,80.32,176.32,0.24,385.2
6/03/2020,Friday,MA,Maternal,Bro.Gre,female,a9796,,1663.82,6.15316,150.56,70.08,169.84,0.56,390.48
6/03/2020,Friday,MA,Maternal,Yel._,male,a9763,,426.163,1.18827,0,16,399.12,46.4,415.12
6/03/2020,Friday,MA,Maternal,Gre.Gre,female,a9804,,1061.33,6.0717,96.48,105.44,152.8,0,354.72
6/03/2020,Friday,MA,Maternal,_.Bla,male,a9800,,2305.45,5.24156,36.16,73.52,330.4,0.48,440.08
6/03/2020,Friday,MA,Maternal,Bro.Pin,male,a9793,,2471.93,5.61803,75.92,106.96,257.2,0.16,440.08
6/03/2020,Friday,MA,Maternal,Pin.Ora,male,a9858,,2187.66,4.98556,68.56,95.28,276.08,0.56,439.92
6/03/2020,Friday,MA,Maternal,_.Gre,male,a9803,,2918.76,6.63355,62.64,113.28,264.16,0.08,440.08
6/03/2020,Friday,MA,Maternal,Blu.Yel,female,a9845,,1403.18,5.49318,100.72,83.6,201.36,0.24,385.68
6/03/2020,Friday,MA,Maternal,Red.Blu,female,a9759,,100.358,0.233088,0,0,437.6,309.52,437.6
6/03/2020,Friday,MA,Maternal,_.Yel,male,a9764,,1087.97,4.58517,102.96,77.04,172.96,0.56,352.96
6/03/2020,Friday,MA,Maternal,Red._,female,a9848,,2093.95,7.42745,126.48,73.44,186.16,0.32,386.08
6/03/2020,Friday,WTB,Within_Treatment,Whi.Bla,male,a10152,wrong label,1697.7,3.94961,2.72,13.6,422.48,0.24,438.8
6/03/2020,Friday,WTB,Within_Treatment,Pur.Gre,male,a10074,,2624.12,5.99004,124.72,131.2,184.08,0.08,440
6/03/2020,Friday,WTB,Within_Treatment,Pin.Red,male,a10089,,2522.52,5.75707,64.32,111.04,264.64,0.16,440
6/03/2020,Friday,WTB,Within_Treatment,Whi.Ora,female,a10160,,2804.92,6.38295,77.12,104,258.96,0.08,440.08
6/03/2020,Friday,WTB,Within_Treatment,Red.Bro,male,a10169,,2034.09,7.35285,72.56,88.72,233.84,0,395.12
6/03/2020,Friday,WTB,Within_Treatment,Gre.Pur,male,a10043,,2221.18,5.71292,38.8,80.4,318.32,0.32,437.52
6/03/2020,Friday,WTB,Within_Treatment,Pin.Bro,male,a10088,,2240.76,5.10006,92.64,100.16,247.28,0.56,440.08
6/03/2020,Friday,WTB,Within_Treatment,Yel.Yel,female,a10097,,1136.53,5.52358,112.64,51.68,167.28,0.16,331.6
6/03/2020,Friday,WTB,Within_Treatment,Pur.Pur,female,a10081,,1022.99,3.08278,46.8,39.84,324.24,29.76,410.88
6/03/2020,Friday,WTB,Within_Treatment,Ora.Ora,female,a10060,,2771.03,7.79604,108.64,74.8,247.68,0.08,431.12
6/03/2020,Friday,WTB,Within_Treatment,Whi.Bro,female,a10159,,3746.01,8.53384,153.2,110.48,176.4,0,440.08
6/03/2020,Friday,WTB,Within_Treatment,Ora.Pin,female,a10063,,2571.27,5.86726,115.2,148.96,175.92,0.08,440.08
6/03/2020,Friday,WTB,Within_Treatment,Red._,male,a10155,,1744.51,4.02629,0,1.76,437.52,0.56,439.28
6/03/2020,Friday,WTB,Within_Treatment,Gre._,male,a10037,,715.016,1.65452,0,1.84,437.2,1.68,439.04
6/03/2020,Friday,WTB,Within_Treatment,Whi.Pin,female,a10154,,1306.72,4.46649,64.32,86.72,242.16,0.24,393.2
6/03/2020,Friday,WTB,Within_Treatment,Gre.Bro,male,a10044,,1765.99,8.01558,233.6,66.8,58.88,0.16,359.28
6/03/2020,Friday,WTB,Within_Treatment,Blu.Ora,female,a10059,,674.097,1.57411,0,0,439.36,26.96,439.36
6/03/2020,Friday,WTB,Within_Treatment,_.Yel,male,a10096,,3732.17,8.4961,209.92,154.96,75.2,0.08,440.08
6/03/2020,Friday,WTB,Within_Treatment,Pur.Red,female,a10076,,2084.37,5.87875,84.72,102.4,239.04,3.68,426.16
6/03/2020,Friday,WTB,Within_Treatment,_.Blu,female,a10040,,2661.91,6.07742,31.52,117.84,290.72,0,440.08
6/03/2020,Friday,PA,Paternal,Pin.Red,female,a9958,,1592.57,5.11358,59.36,74.88,286.72,0.08,420.96
6/03/2020,Friday,PA,Paternal,Bla.Red,female,a9921,,2343.35,9.05749,78.56,67.12,258.4,0.24,404.08
6/03/2020,Friday,PA,Paternal,Blu.Bla,male,a9984,,2171.91,8.24943,120.32,85.52,198.8,0.32,404.64
6/03/2020,Friday,PA,Paternal,Bla.Pin,male,a9919,,1433.31,7.69272,247.76,51.68,54.64,0.32,354.08
6/03/2020,Friday,PA,Paternal,Bla.Gre,female,a9922,,2466.06,6.98679,118.56,63.92,244.48,0.16,426.96
6/03/2020,Friday,PA,Paternal,Ora.Pin,female,a9961,,2683.46,6.13559,75.12,72,292.96,0.08,440.08
6/03/2020,Friday,PA,Paternal,Gre.Pin,male,a9880,,2681.64,6.10128,36.56,71.6,331.92,1.6,440.08
6/03/2020,Friday,PA,Paternal,_.Bro,female,a9917,,2236.29,5.08617,47.28,64.64,328.16,0.48,440.08
6/03/2020,Friday,PA,Paternal,Whi.Bro,female,a9929,,643.952,4.54511,57.76,41.04,179.44,0.08,278.24
6/03/2020,Friday,PA,Paternal,Pin.Yel,male,a9956,,2475.73,5.7351,36.96,81.36,321.44,0.48,439.76
6/03/2020,Friday,PA,Paternal,Ora.Ora,female,a9962,,1308.37,6.927,122.08,81.52,156.96,0.32,360.56
6/03/2020,Friday,PA,Paternal,Bla.Ora,female,a9887,,1322.84,4.33322,50.72,104.24,248,0.32,402.96
6/03/2020,Friday,PA,Paternal,Gre.Blu,male,a9881,,1992.7,4.52886,59.84,62.32,317.92,0.72,440.08
6/03/2020,Friday,PA,Paternal,_.Gre,male,a9873,,2799.47,6.36243,96.56,105.28,238.24,0.24,440.08
6/03/2020,Friday,PA,Paternal,Whi.Red,male,a9931,,165.264,0.3756,0,0,440.08,154,440.08
6/03/2020,Friday,PA,Paternal,Gre.Ora,female,a9876,,3356.31,7.63076,132.56,119.68,187.84,0,440.08
6/03/2020,Friday,PA,Paternal,Gre.Gre,female,a9874,,1098.65,6.35497,96.72,64.24,174.4,0,335.36
6/03/2020,Friday,PA,Paternal,Whi.Whi,male,a9926,,1550.96,3.63326,58.08,38.48,342.08,103.6,438.64
6/03/2020,Friday,PA,Paternal,Pin.Pur,female,a9957,,1650.01,6.54559,230.56,66.56,87.68,0,384.8
6/03/2020,Friday,PA,Paternal,Pin.Blu,male,a9960,,1459.8,5.00206,48.72,57.36,293.68,5.76,399.76
