Arena,Trial,Water,Water_Time,Date,Day,Group,Tank,Mark,Sex,Fish_ID,Notes,tot_dist,high_dur,mid_dur,low_dur,freezing_dur,arena_dur,latency_high,freq_high
1,1,water1,1,7/02/2020,Friday1,WCA,Within Control,Red.Gre,male,a9680,NA,2149.51,82.48,96.72,260.88,0.72,440.08,124.56,18
2,1,water1,1,7/02/2020,Friday1,WCA,Within Control,Ora.Red,male,a9606,"Jumped, may need to run again",923.249,0,11.92,428.16,2.4,440.08,,0
3,1,water1,1,7/02/2020,Friday1,WCA,Within Control,Whi.Yel,female,a9599,NA,1962.13,252.8,112,75.28,0.72,440.08,0,20
4,1,water1,1,7/02/2020,Friday1,WCA,Within Control,Gre.Bla,male,a9554,NA,928.362,45.6,36.8,357.68,145.44,440.08,381.2,2
5,1,water1,1,7/02/2020,Friday1,WCA,Within Control,Gre.Pur,female,a9556,NA,2375.08,106.32,142.56,191.2,0.16,440.08,32.32,32
6,1,water1,1,7/02/2020,Friday1,WCA,Within Control,Pur.Red,female,a9566,NA,1887.34,99.44,103.84,236.8,0.24,440.08,81.04,11
1,2,water1,2,7/02/2020,Friday1,WCA,Within Control,Pur._,male,a9562,NA,232.79,0,0,440.08,344.72,440.08,,0
2,2,water1,2,7/02/2020,Friday1,WCA,Within Control,Red.Yel,female,a9678,NA,1456.09,66.72,51.92,321.44,0.88,440.08,0,7
3,2,water1,2,7/02/2020,Friday1,WCA,Within Control,Ora.Gre,female,a9603,NA,1517.76,95.44,106.8,237.84,0.56,440.08,247.04,14
4,2,water1,2,7/02/2020,Friday1,WCA,Within Control,Red.Whi,female,a9679,NA,1134.51,34.24,26.56,379.28,3.52,440.08,0,8
5,2,water1,2,7/02/2020,Friday1,WCA,Within Control,Red.Bla,male,a9676,NA,602.528,0,0,440.08,208.56,440.08,,0
6,2,water1,2,7/02/2020,Friday1,WCA,Within Control,Red.Pin,female,a9673,NA,1963.34,67.92,55.68,316.48,1.12,440.08,0,11
1,3,water1,3,7/02/2020,Friday1,WCA,Within Control,Gre.Blu,female,a9553,NA,2187.93,107.12,99.68,233.28,0.4,440.08,74.64,17
2,3,water1,3,7/02/2020,Friday1,WCA,Within Control,Ora.Blu,female,a9607,NA,1876.22,79.92,108,252.16,0.16,440.08,182.56,18
3,3,water1,3,7/02/2020,Friday1,WCA,Within Control,Pin.Gre,male,a9588,NA,1886.37,126.56,136.4,177.12,1.36,440.08,92.08,28
4,3,water1,3,7/02/2020,Friday1,WCA,Within Control,Whi.Bla,female,a9598,NA,1995.07,48.72,78.96,312.4,0.24,440.08,137.84,17
5,3,water1,3,7/02/2020,Friday1,WCA,Within Control,Red.Ora,male,a9681,NA,772.072,0,0,440.08,67.04,440.08,,0
6,3,water1,3,7/02/2020,Friday1,WCA,Within Control,Ora.Ora,male,a9706,NA,1811.46,60.16,81.28,298.56,0.56,440,187.44,12
1,4,water1,4,7/02/2020,Friday1,WCA,Within Control,Ora.Whi,male,a9611,NA,1936.56,68.8,46.88,324.4,0.4,440.08,302.8,7
2,4,water1,4,7/02/2020,Friday1,WCA,Within Control,Gre.Bro,male,a9558,NA,2937.58,213.12,148.4,78.56,0.32,440.08,16.56,46
3,4,water1,4,7/02/2020,Friday1,MB,Maternal,Pin.Yel,female,a9854,NA,2133.94,147.84,129.36,162.88,0.32,440.08,36.24,26
4,4,water1,4,7/02/2020,Friday1,MB,Maternal,_.Red,male,a9849,NA,1485.52,40.8,62.24,337.04,2.24,440.08,259.04,10
5,4,water1,4,7/02/2020,Friday1,MB,Maternal,Bla.Gre,female,a9787,NA,1798.74,206.4,147.12,86.56,0.32,440.08,0,18
6,4,water1,4,7/02/2020,Friday1,MB,Maternal,Red.Pin,male,a9755,NA,1976.73,120.48,86.56,233.04,0.16,440.08,157.36,13
1,5,water1,5,7/02/2020,Friday1,MB,Maternal,Ora.Pur,male,a9821,NA,2701.74,222.72,90.08,127.28,0.4,440.08,5.76,28
2,5,water1,5,7/02/2020,Friday1,MB,Maternal,Yel.Yel,male,a9765,NA,1723.82,42.88,52.32,344.88,1.76,440.08,264.56,12
3,5,water1,5,7/02/2020,Friday1,MB,Maternal,Yel.Ora,female,a9778,NA,2309.1,147.36,93.68,199.04,0.08,440.08,46.08,24
4,5,water1,5,7/02/2020,Friday1,MB,Maternal,_.Ora,female,a10198,NA,2267.65,159.84,123.04,157.2,0.32,440.08,23.12,28
5,5,water1,5,7/02/2020,Friday1,MB,Maternal,Gre.Ora,female,a9868,NA,1783.96,50.8,43.28,346,1.44,440.08,154.96,7
6,5,water1,5,7/02/2020,Friday1,MB,Maternal,Blu.Gre,male,a9846,NA,2056.54,31.28,34.16,374.64,0.56,440.08,332.56,9
1,6,water1,6,7/02/2020,Friday1,MB,Maternal,Yel.Bla,female,a9777,NA,1919.09,24.88,28.88,386.32,0.48,440.08,388.24,4
2,6,water1,6,7/02/2020,Friday1,MB,Maternal,_.Blu,male,a9844,NA,656.676,0,0,440.08,25.44,440.08,,0
3,6,water1,6,7/02/2020,Friday1,MB,Maternal,Red._,male,a9752,NA,1675.05,195.68,120.08,124.32,0.24,440.08,96.08,18
4,6,water1,6,7/02/2020,Friday1,MB,Maternal,Ora.Yel,male,a9813,NA,2156.08,110.16,112.4,217.52,0.56,440.08,97.92,19
5,6,water1,6,7/02/2020,Friday1,MB,Maternal,Pin.Whi,female,a9862,NA,1655.86,46.72,78.96,314.4,0.8,440.08,235.52,10
6,6,water1,6,7/02/2020,Friday1,MB,Maternal,_._,female,a9774,NA,1557.01,0,10.64,429.44,0.48,440.08,,0
1,7,water1,7,7/02/2020,Friday1,MB,Maternal,Red.Bla,male,a9756,Forgot to put labels,2233.13,32.32,59.28,348.48,0.16,440.08,325.76,8
2,7,water1,7,7/02/2020,Friday1,MB,Maternal,Blu.Blu,male,a9843,Forgot to put labels,888.886,0,0,440.08,2,440.08,,0
3,7,water1,7,7/02/2020,Friday1,MB,Maternal,Gre.Pur,female,a9867,Forgot to put labels,808.099,2.96,13.52,423.6,16.96,440.08,432.96,1
4,7,water1,7,7/02/2020,Friday1,MB,Maternal,Pur.Pin,male,a9824,Forgot to put labels,1742.52,55.76,71.44,312.88,0.32,440.08,313.36,12
5,7,water2,1,7/02/2020,Friday1,WTA,Within Treatment,Blu.Blu,female,a10046,Forgot to put labels,1317.66,0,0,440.08,7.52,440.08,,0
6,7,water2,1,7/02/2020,Friday1,WTA,Within Treatment,Gre.Blu,female,a10041,Forgot to put labels,1580.2,41.84,75.44,322.8,0.24,440.08,301.6,7
1,8,water2,1,7/02/2020,Friday1,WTA,Within Treatment,Ora.Red,male,a10064,NA,1744.94,0,0,439.92,0.32,439.92,,0
2,8,water2,1,7/02/2020,Friday1,WTA,Within Treatment,Whi.Pur,female,a10158,NA,881.621,0,0,440.08,4.16,440.08,,0
3,8,water2,1,7/02/2020,Friday1,WTA,Within Treatment,Ora.Bro,male,a10070,NA,1957.61,95.68,104.56,239.84,0.88,440.08,143.36,20
4,8,water2,1,7/02/2020,Friday1,WTA,Within Treatment,Pin.Bla,male,a10092,NA,1997.9,54.4,102.16,283.52,1.2,440.08,0,16
5,8,water2,1,7/02/2020,Friday1,WTA,Within Treatment,Gre.Pin,female,a10036,NA,2044.26,95.28,115.68,229.12,0.08,440.08,97.92,17
6,8,water2,1,7/02/2020,Friday1,WTA,Within Treatment,Red.Bla,female,a10164,NA,1665.84,40.8,70.24,329.04,0.4,440.08,294.64,15
1,9,water2,2,7/02/2020,Friday1,WTA,Within Treatment,Red.Pur,male,a10166,NA,832.425,0,0,440.08,2.48,440.08,,0
2,9,water2,2,7/02/2020,Friday1,WTA,Within Treatment,Whi.Yel,male,a10157,NA,1389.37,4.72,24,411.36,0.8,440.08,325.6,1
3,9,water2,2,7/02/2020,Friday1,WTA,Within Treatment,Bro.Bro,male,a10201,NA,2253.73,216.4,88.32,135.36,0.16,440.08,63.28,24
4,9,water2,2,7/02/2020,Friday1,WTA,Within Treatment,Blu.Yel,male,a10055,NA,677.285,0,0,440.08,145.52,440.08,,0
5,9,water2,2,7/02/2020,Friday1,WTA,Within Treatment,Red.Whi,female,a10172,NA,636.035,0,0,440.08,83.6,440.08,,0
6,9,water2,2,7/02/2020,Friday1,WTA,Within Treatment,Blu._,female,a10039,NA,1870.97,24.32,70,345.76,0,440.08,152.64,8
1,10,water2,3,7/02/2020,Friday1,WTA,Within Treatment,Yel._,male,a10095,NA,2561.71,92.8,122.08,225.2,0.48,440.08,84.72,25
2,10,water2,3,7/02/2020,Friday1,WTA,Within Treatment,Pur.Blu,female,a10079,NA,2080.7,115.44,167.76,156.88,0.08,440.08,67.6,20
3,10,water2,3,7/02/2020,Friday1,WTA,Within Treatment,Pin.Gre,female,a10087,NA,855.862,98.08,39.92,302.08,52.88,440.08,0,3
4,10,water2,3,7/02/2020,Friday1,WTA,Within Treatment,Pur._,male,a10077,NA,2381.48,145.36,86,208.72,0.08,440.08,53.2,26
5,10,water2,3,7/02/2020,Friday1,WTA,Within Treatment,Pin.Blu,male,a10090,NA,2441,131.76,166.88,141.44,0,440.08,43.68,49
6,10,water2,3,7/02/2020,Friday1,WTA,Within Treatment,Gre.Ora,female,a10045,NA,106.059,0,0,440.08,270.72,440.08,,0
1,11,water2,4,7/02/2020,Friday1,PB,Paternal,Pin.Bro,female,a9955,net was in front of camera for first minute,1145.08,21.28,48.56,370.24,81.84,440.08,331.76,3
2,11,water2,4,7/02/2020,Friday1,PB,Paternal,Red.Bla,male,a9949,NA,1730.31,18.48,49.28,372.32,2.88,440.08,350.64,9
3,11,water2,4,7/02/2020,Friday1,PB,Paternal,Whi._,female,a9924,NA,1812.56,71.2,92.48,276.4,0.88,440.08,181.2,23
4,11,water2,4,7/02/2020,Friday1,PB,Paternal,Pin.Ora,female,a9953,NA,1559.13,143.36,87.28,209.44,0.32,440.08,0,11
5,11,water2,4,7/02/2020,Friday1,PB,Paternal,Whi.Ora,female,a9927,NA,2115.79,31.84,69.68,338.56,0.72,440.08,286.64,14
6,11,water2,4,7/02/2020,Friday1,PB,Paternal,Red.Yel,male,a9947,NA,639.631,0,0,440.08,117.76,440.08,,0
1,12,water2,5,7/02/2020,Friday1,PB,Paternal,Blu.Gre,male,a9983,NA,1616.47,17.52,31.12,391.44,2.16,440.08,287.84,9
2,12,water2,5,7/02/2020,Friday1,PB,Paternal,Yel.Gre,male,a9901,NA,2143.97,53.68,95.84,290.56,1.12,440.08,45.6,19
3,12,water2,5,7/02/2020,Friday1,PB,Paternal,Red._,male,a9941,NA,1133.96,0,0,440.08,3.52,440.08,,0
4,12,water2,5,7/02/2020,Friday1,PB,Paternal,_.Red,female,a9903,NA,940.452,0,0,440.08,29.2,440.08,,0
5,12,water2,5,7/02/2020,Friday1,PB,Paternal,_.Ora,female,a9964,NA,1760,72.08,96.48,271.52,0.96,440.08,134.16,14
6,12,water2,5,7/02/2020,Friday1,PB,Paternal,Bro.Bro,female,a9910,NA,1582.05,24.16,50.88,365.04,0.4,440.08,310,9
1,13,water2,6,7/02/2020,Friday1,PB,Paternal,_.Pur,male,a9981,NA,1651.14,36.96,68.88,316.08,2,421.92,235.12,10
2,13,water2,6,7/02/2020,Friday1,PB,Paternal,Blu.Blu,male,a9973,NA,2519.32,138.32,120.08,181.12,1.2,439.52,80.32,31
3,13,water2,6,7/02/2020,Friday1,PB,Paternal,Pin.Gre,female,a9952,NA,1563.99,89.28,71.2,279.04,12.96,439.52,216.96,14
4,13,water2,6,7/02/2020,Friday1,PB,Paternal,Yel.Pur,female,a9899,NA,450.967,0,0,439.52,248.8,439.52,,0
5,13,water2,6,7/02/2020,Friday1,PB,Paternal,Bro._,male,a9908,NA,544.084,0,0,439.52,130.64,439.52,,0
6,13,water2,6,7/02/2020,Friday1,PB,Paternal,Bla.Whi,female,a9923,NA,482.015,0,0,439.52,158.48,439.52,,0
1,14,water2,7,7/02/2020,Friday1,PB,Paternal,Blu.Pur,male,a9975,jumped while placing in long tank,1925.67,13.12,38.96,388,0.96,440.08,183.04,5
2,14,water2,7,7/02/2020,Friday1,PB,Paternal,Bro.Blu,male,a9937,potentially injured pre-trial,1206.53,0,0,440.08,1.6,440.08,,0
3,14,water3,1,7/02/2020,Friday1,WCB,Within Control,Ora.Yel,male,NA,"LABEL IS PIN.YEL, BUT FISH WAS ACTUALLY ORA.YEL (EXCLUSION) - EXCLUDE FROM ETHOVISION",1857.3,54.16,64.4,321.52,1.68,440.08,26.48,13
4,14,water3,1,7/02/2020,Friday1,WCB,Within Control,Blu.Gre,female,a9578,NA,1221.19,23.76,54.16,362.16,2.88,440.08,189.04,8
5,14,water3,1,7/02/2020,Friday1,WCB,Within Control,Red.Bro,male,a9677,NA,69.4358,0,0,440.08,422.32,440.08,,0
6,14,water3,1,7/02/2020,Friday1,WCB,Within Control,Ora.Bro,male,a9610,NA,2684.02,88.64,112.8,238.64,0.48,440.08,176.48,38
1,15,water3,2,7/02/2020,Friday1,WCB,Within Control,Ora.Gre,male,a9612,NA,1236.27,0,0,440.08,9.92,440.08,,0
2,15,water3,2,7/02/2020,Friday1,WCB,Within Control,Blu.Red,male,a9582,NA,1550.02,36.64,54.32,349.12,2.24,440.08,347.84,11
3,15,water3,2,7/02/2020,Friday1,WCB,Within Control,Pur.Blu,male,a9687,NA,2568.64,138.24,74.64,227.2,4.48,440.08,165.44,22
4,15,water3,2,7/02/2020,Friday1,WCB,Within Control,Pur.Pin,male,a9686,jumped entering tank,1694.41,17.6,23.92,398.56,0.8,440.08,6.88,4
5,15,water3,2,7/02/2020,Friday1,WCB,Within Control,Blu.Whi,female,a9580,NA,1528.11,27.52,29.2,383.36,8,440.08,405.12,3
6,15,water3,2,7/02/2020,Friday1,WCB,Within Control,Ora.Bla,female,a9608,NA,209.605,0,0,440.08,74.48,440.08,,0
1,16,water3,3,7/02/2020,Friday1,WCB,Within Control,Bro.Gre,female,a9704,NA,2121.91,53.44,102.16,284.48,0.4,440.08,216.56,17
2,16,water3,3,7/02/2020,Friday1,WCB,Within Control,Blu.Blu,male,a9575,NA,1874.69,0,39.76,400.32,0.48,440.08,,0
3,16,water3,3,7/02/2020,Friday1,WCB,Within Control,Pin.Whi,male,a9590,NA,447.472,0,0,440.08,135.44,440.08,,0
4,16,water3,3,7/02/2020,Friday1,WCB,Within Control,Yel.Yel,female,a9613,NA,871.065,0,0,440.08,59.6,440.08,,0
5,16,water3,3,7/02/2020,Friday1,WCB,Within Control,_.Pur,female,a9605,NA,2149.85,148.32,124.48,167.28,0.16,440.08,50.4,21
6,16,water3,3,7/02/2020,Friday1,WCB,Within Control,Whi.Ora,female,a9596,NA,1841.66,107.12,125.04,207.92,0.24,440.08,117.12,16
1,17,water3,4,7/02/2020,Friday1,WCB,Within Control,Blu.Bro,female,a9579,NA,1108.78,0,0,440.08,2.64,440.08,,0
2,17,water3,4,7/02/2020,Friday1,WCB,Within Control,Blu.Pur,male,a9581,NA,796.395,0,0,440.08,19.52,440.08,,0
3,17,water3,4,7/02/2020,Friday1,WCB,Within Control,Pin.Yel,male,a9587,NA,2481.93,108.48,86.88,244.72,1.12,440.08,190.24,32
4,17,water3,4,7/02/2020,Friday1,WCB,Within Control,Blu.Ora,female,a9583,NA,104.572,0,0,440.08,385.12,440.08,,0
5,17,water3,4,7/02/2020,Friday1,WCB,Within Control,Bro.Bla,female,a9700,NA,989.445,0,0,440.08,6.88,440.08,,0
1,18,water3,5,7/02/2020,Friday1,MA,Maternal,Yel._,male,a9763,NA,510.908,0,0,440.08,19.12,440.08,,0
2,18,water3,5,7/02/2020,Friday1,MA,Maternal,_.Gre,male,a9803,NA,1394.86,0,0,440.08,2.4,440.08,,0
3,18,water3,5,7/02/2020,Friday1,MA,Maternal,Gre.Gre,female,a9804,NA,1451.61,0,0,440.08,21.84,440.08,,0
4,18,water3,5,7/02/2020,Friday1,MA,Maternal,Red.Blu,female,a9759,NA,11.8982,0,0,440.08,432.96,440.08,,0
5,18,water3,5,7/02/2020,Friday1,MA,Maternal,Red.Pur,female,a9762,NA,1602.28,8.4,34.88,396.8,1.28,440.08,369.44,3
6,18,water3,5,7/02/2020,Friday1,MA,Maternal,Whi.Ora,female,a9839,NA,36.6685,0,0,440.08,430.96,440.08,,0
1,19,water3,6,7/02/2020,Friday1,MA,Maternal,Pin.Ora,male,a9858,NA,805.875,0,20.24,419.84,11.68,440.08,,0
2,19,water3,6,7/02/2020,Friday1,MA,Maternal,Gre.Whi,female,a9809,NA,1475.26,47.84,42.4,349.84,1.52,440.08,324.4,8
3,19,water3,6,7/02/2020,Friday1,MA,Maternal,Red.Yel,female,a9761,NA,1634.72,38.72,54,347.36,0.8,440.08,345.04,6
4,19,water3,6,7/02/2020,Friday1,MA,Maternal,Bro.Gre,female,a9796,NA,1752.87,66.96,104.88,268.24,1.04,440.08,143.04,15
5,19,water3,6,7/02/2020,Friday1,MA,Maternal,Red.Gre,female,a9758,NA,2012.56,48,82.64,308.88,1.6,439.52,167.84,16
6,19,water3,6,7/02/2020,Friday1,MA,Maternal,Red.Bro,male,a9760,NA,1822.69,17.76,59.84,362.48,0.4,440.08,363.68,4
1,20,water3,7,7/02/2020,Friday1,MA,Maternal,Red._,female,a9848,NA,375.688,0,0,440.08,107.44,440.08,,0
2,20,water3,7,7/02/2020,Friday1,MA,Maternal,Gre.Blu,male,a9808,NA,334.403,0,0,440.08,283.2,440.08,,0
3,20,water3,7,7/02/2020,Friday1,MA,Maternal,_.Yel,male,a9764,NA,1913.58,30.56,121.36,288.16,0.08,440.08,267.44,9
4,20,water3,7,7/02/2020,Friday1,MA,Maternal,Bro.Yel,female,a9794,NA,662.993,0,0,440.08,2.16,440.08,,0
5,20,water3,7,7/02/2020,Friday1,MA,Maternal,Blu.Yel,female,a9845,NA,2281,151.92,89.52,198.64,0.4,440.08,107.04,17
6,20,water3,7,7/02/2020,Friday1,MA,Maternal,_.Bla,male,a9800,NA,890.941,0,0,440.08,166.8,440.08,,0
1,21,water3,7,7/02/2020,Friday1,MA,Maternal,Red.Red,male,a9754,NA,2220.65,44.72,211.28,184.08,0.08,440.08,17.44,15
2,21,water3,7,7/02/2020,Friday1,MA,Maternal,Bro.Pin,male,a9793,NA,1307.41,14.72,141.04,284.32,0.64,440.08,176.64,3
3,21,water4,1,7/02/2020,Friday1,WTB,Within Treatment,Ora.Ora,female,a10060,NA,2088.34,87.84,89.76,262.48,1.44,440.08,184.56,17
4,21,water4,1,7/02/2020,Friday1,WTB,Within Treatment,Gre.Bro,male,a10044,NA,1589.64,11.36,82.64,346.08,31.52,440.08,214.88,4
5,21,water4,1,7/02/2020,Friday1,WTB,Within Treatment,_.Blu,female,a10040,NA,2281.44,64,113.2,262.88,0.08,440.08,163.12,17
6,21,water4,1,7/02/2020,Friday1,WTB,Within Treatment,Whi.Bro,female,a10159,NA,2238.86,216.32,99.92,123.84,0.32,440.08,27.44,26
1,22,water4,2,7/02/2020,Friday1,WTB,Within Treatment,Red._,male,a10155,NA,177.122,0,0,440.08,385.84,440.08,,0
2,22,water4,2,7/02/2020,Friday1,WTB,Within Treatment,Pur.Red,female,a10076,NA,1826.83,78.08,65.52,296.48,0.48,440.08,218.16,12
3,22,water4,2,7/02/2020,Friday1,WTB,Within Treatment,Blu.Ora,female,a10059,NA,548.331,0,0,440.08,126.88,440.08,,0
4,22,water4,2,7/02/2020,Friday1,WTB,Within Treatment,Whi.Ora,female,a10160,NA,2093.68,127.44,89.28,223.36,0.4,440.08,112.16,25
5,22,water4,2,7/02/2020,Friday1,WTB,Within Treatment,Ora.Pin,female,a10063,NA,1655.56,242,135.84,62.24,0,440.08,0,40
6,22,water4,2,7/02/2020,Friday1,WTB,Within Treatment,Whi.Bla,male,a10152,NA,1126.92,0,0,440.08,1.92,440.08,,0
1,23,water4,3,7/02/2020,Friday1,WTB,Within Treatment,Pur.Gre,male,a10074,NA,728.281,0,0,440.08,14.08,440.08,,0
2,23,water4,3,7/02/2020,Friday1,WTB,Within Treatment,Pin.Bro,male,a10088,NA,11.6262,0,0,440.08,435.04,440.08,,0
3,23,water4,3,7/02/2020,Friday1,WTB,Within Treatment,Pur.Pur,female,a10081,NA,1983.24,88.32,121.28,230.48,0.08,440.08,38.64,18
4,23,water4,3,7/02/2020,Friday1,WTB,Within Treatment,Gre.Pur,male,a10043,NA,1765.64,55.76,71.12,313.2,0.56,440.08,223.76,8
5,23,water4,3,7/02/2020,Friday1,WTB,Within Treatment,Red.Bro,male,a10169,NA,2332.41,62.4,92.96,284.72,0.16,440.08,190.32,15
6,23,water4,3,7/02/2020,Friday1,WTB,Within Treatment,Yel.Yel,female,a10097,NA,1939.36,109.68,71.52,258.88,0.88,440.08,89.52,14
1,24,water4,4,7/02/2020,Friday1,WTB,Within Treatment,Pin.Red,male,a10089,NA,2194.84,42.48,68,329.36,0.64,440.08,109.92,16
2,24,water4,4,7/02/2020,Friday1,WTB,Within Treatment,_.Yel,male,a10096,NA,869.797,0,0,440.08,109.28,440.08,,0
3,24,water4,4,7/02/2020,Friday1,WTB,Within Treatment,Whi.Pin,female,a10154,NA,1239.74,2.16,26.96,410.96,0.96,440.08,427.6,1
4,24,water4,4,7/02/2020,Friday1,WTB,Within Treatment,Gre._,male,a10037,NA,3061.26,237.28,131.84,70.96,0,440.08,14.4,41
5,24,water4,4,7/02/2020,Friday1,PA,Paternal,Gre.Ora,female,a9876,NA,1932.48,54.24,79.76,306.08,1.28,440.08,173.36,18
6,24,water4,4,7/02/2020,Friday1,PA,Paternal,_.Bro,female,a9917,NA,2088.11,64.4,67.12,308.56,0.48,440.08,161.2,19
1,25,water4,5,7/02/2020,Friday1,PA,Paternal,Blu.Bla,male,a9984,NA,576.332,0,0,440.08,226.16,440.08,,0
2,25,water4,5,7/02/2020,Friday1,PA,Paternal,Gre.Blu,male,a9881,NA,18.0941,0,0,440.08,432.08,440.08,,0
3,25,water4,5,7/02/2020,Friday1,PA,Paternal,Pin.Yel,male,a9956,NA,2545.8,52.24,111.2,276.64,0.72,440.08,106,27
4,25,water4,5,7/02/2020,Friday1,PA,Paternal,Whi.Red,male,a9931,NA,67.672,0,0,440.08,413.2,440.08,,0
5,25,water4,5,7/02/2020,Friday1,PA,Paternal,Whi.Bro,female,a9929,NA,847.609,58.8,2.96,377.6,41.28,439.36,0.72,1
6,25,water4,6,7/02/2020,Friday1,PA,Paternal,Bla.Gre,female,a9922,NA,1111.78,0,2.16,437.92,52.88,440.08,,0
1,26,water4,6,7/02/2020,Friday1,PA,Paternal,Pin.Blu,male,a9960,NA,2094.56,17.04,86.08,336.96,8.96,440.08,340.16,8
2,26,water4,6,7/02/2020,Friday1,PA,Paternal,Ora.Ora,female,a9962,NA,2010.22,31.68,72.16,336.24,10.08,440.08,298.88,9
3,26,water4,6,7/02/2020,Friday1,PA,Paternal,Gre.Gre,female,a9874,NA,1519.14,40.64,53.84,345.6,0.48,440.08,331.04,7
4,26,water4,6,7/02/2020,Friday1,PA,Paternal,Bla.Ora,female,a9887,NA,173.965,0,0,440.08,390.08,440.08,,0
5,26,water4,6,7/02/2020,Friday1,PA,Paternal,Pin.Red,female,a9958,NA,1195.62,0,2,438.08,51.36,440.08,,0
6,26,water4,6,7/02/2020,Friday1,PA,Paternal,Bla.Red,female,a9921,NA,582.514,0,0,440.08,52.8,440.08,,0
1,27,water4,7,7/02/2020,Friday1,PA,Paternal,Whi.Whi,male,a9926,NA,2088.86,46.96,101.04,292.08,0.32,440.08,118.72,14
2,27,water4,7,7/02/2020,Friday1,PA,Paternal,Gre.Pin,male,a9880,NA,672.782,0,0,440.08,64,440.08,,0
3,27,water4,7,7/02/2020,Friday1,PA,Paternal,Bla.Pin,male,a9919,NA,1915.43,43.36,91.92,304.8,55.2,440.08,190.48,17
4,27,water4,7,7/02/2020,Friday1,PA,Paternal,Ora.Pin,female,a9961,NA,33.678,0,0,440.08,428.48,440.08,,0
5,27,water4,7,7/02/2020,Friday1,PA,Paternal,_.Gre,male,a9873,NA,1861.57,51.6,88.8,299.68,0.32,440.08,220.08,10
6,27,water4,7,7/02/2020,Friday1,PA,Paternal,Pin.Pur,female,a9957,NA,2072.16,100.32,76,263.76,1.12,440.08,181.36,21
1,1,water1,1,14/02/2020,Friday2,PA,Paternal,Bla.Pin,male,a9919,water change after every 2 tanks have been run,2477.15,36.72,56.32,340.6,0.28,433.64,300.6,30
2,1,water1,1,14/02/2020,Friday2,PA,Paternal,Whi.Bro,female,a9929,,1039.3,4.52,16.32,359.92,0.52,380.76,204.28,6
3,1,water1,1,14/02/2020,Friday2,PA,Paternal,Bla.Ora,female,a9887,,1687.59,67.92,144.16,227.96,0.28,440.04,146.88,10
4,1,water1,1,14/02/2020,Friday2,PA,Paternal,Gre.Gre,female,a9874,,2341.52,105.64,94.64,234.48,0.12,434.76,0,39
5,1,water1,1,14/02/2020,Friday2,PA,Paternal,Ora.Ora,female,a9962,,3142.12,53.32,33.04,353.28,0,439.64,352,7
6,1,water1,1,14/02/2020,Friday2,PA,Paternal,Pin.Blu,male,a9960,,1235.61,0,9.08,428.44,104.44,437.52,,0
1,2,water1,2,14/02/2020,Friday2,PA,Paternal,_.Bro,female,a9917,,1678.34,44.16,81.88,310.4,0.16,436.44,114.72,9
2,2,water1,2,14/02/2020,Friday2,PA,Paternal,Gre.Ora,female,a9876,,1969.89,37.16,63,339.6,0.16,439.76,55.64,9
3,2,water1,2,14/02/2020,Friday2,PA,Paternal,Bla.Red,female,a9921,,1413.86,22.96,11.44,404.92,1.16,439.32,182.4,2
4,2,water1,2,14/02/2020,Friday2,PA,Paternal,Ora.Pin,female,a9961,,2497.28,315.48,109.24,14.88,0.04,439.6,2.88,42
5,2,water1,2,14/02/2020,Friday2,PA,Paternal,Whi.Whi,male,a9926,,658.686,0,1.32,438.72,25.6,440.04,,0
6,2,water1,2,14/02/2020,Friday2,PA,Paternal,Blu.Bla,male,a9984,,847.159,0,0,439.92,0.84,439.92,,0
1,3,water1,3,14/02/2020,Friday2,PA,Paternal,Pin.Pur,female,a9957,,1278.19,18.64,91.32,300.6,0.4,410.56,33.84,17
2,3,water1,3,14/02/2020,Friday2,PA,Paternal,Bla.Gre,female,a9922,,1950.34,7.44,139.32,283,0.16,429.76,101.44,8
3,3,water1,3,14/02/2020,Friday2,PA,Paternal,Pin.Red,female,a9958,,1952.7,58.72,137.88,243.4,0.32,440,159.64,14
4,3,water1,3,14/02/2020,Friday2,PA,Paternal,_.Gre,male,a9873,,2222.57,158.8,105.52,175.08,0.24,439.4,19.64,22
5,3,water1,3,14/02/2020,Friday2,PA,Paternal,Gre.Blu,male,a9881,,2239.33,76.96,99.84,263.24,0.4,440.04,247.8,9
6,3,water1,3,14/02/2020,Friday2,PA,Paternal,Gre.Pin,male,a9880,,1449.77,8.88,39.72,391.44,0.32,440.04,175.44,3
1,4,water1,4,14/02/2020,Friday2,PA,Paternal,Pin.Yel,male,a9956,,1856.6,68.88,145.8,157.52,0.12,372.2,75.56,93
2,4,water1,4,14/02/2020,Friday2,PA,Paternal,Whi.Red,male,a9931,,991.5,0,0,440.04,3.44,440.04,,0
3,4,water1,4,14/02/2020,Friday2,WTB,Within Treatment,Pin.Red,male,a10089,,2492.86,115.16,87.04,236.24,0.24,438.44,27.16,31
4,4,water1,4,14/02/2020,Friday2,WTB,Within Treatment,Blu.Ora,female,a10059,,1452.88,244.92,95.24,92.4,0.2,432.56,0.2,29
5,4,water1,4,14/02/2020,Friday2,WTB,Within Treatment,_.Blu,female,a10040,,1908.85,26.4,88.64,316.32,0.12,431.36,225.48,6
6,4,water1,4,14/02/2020,Friday2,WTB,Within Treatment,Gre.Pur,male,a10043,,2608.79,57.56,77.16,304.32,0.24,439.04,34.2,15
1,5,water1,5,14/02/2020,Friday2,WTB,Within Treatment,Ora.Ora,female,a10060,,2109.31,150.16,88.4,127.8,0.04,366.36,0,188
2,5,water1,5,14/02/2020,Friday2,WTB,Within Treatment,Yel.Yel,female,a10097,,2337.73,158.32,71.12,210.32,0.36,439.76,0,16
3,5,water1,5,14/02/2020,Friday2,WTB,Within Treatment,Whi.Ora,female,a10160,,56.6011,0,0,440.04,330.32,440.04,,0
4,5,water1,5,14/02/2020,Friday2,WTB,Within Treatment,Ora.Pin,female,a10063,,876.676,396.08,27.92,7.68,28.88,431.68,0,46
5,5,water1,5,14/02/2020,Friday2,WTB,Within Treatment,Gre._,male,a10037,,1945.85,29.48,43.52,367.04,0.72,440.04,36.6,6
6,5,water1,5,14/02/2020,Friday2,WTB,Within Treatment,Whi.Pin,female,a10154,,1419.07,40.88,104.12,294.84,0.28,439.84,138.4,7
1,6,water1,6,14/02/2020,Friday2,WTB,Within Treatment,Pur.Pur,female,a10081,,1039.31,24.04,21,322.4,0.2,367.44,379.4,18
2,6,water1,6,14/02/2020,Friday2,WTB,Within Treatment,Whi.Bla,male,a10152,,1115.21,0,0,422.92,15.48,422.92,,0
3,6,water1,6,14/02/2020,Friday2,WTB,Within Treatment,Pur.Gre,male,a10074,,2101.37,86.16,69.52,282.72,0.08,438.4,204.24,17
4,6,water1,6,14/02/2020,Friday2,WTB,Within Treatment,Pur.Red,female,a10076,,1162.69,74.68,72.36,275.76,2.56,422.8,147.16,40
5,6,water1,6,14/02/2020,Friday2,WTB,Within Treatment,Pin.Bro,male,a10088,,1502.27,51.04,64.76,324.24,5.8,440.04,217.44,11
6,6,water1,7,14/02/2020,Friday2,WTB,Within Treatment,Whi.Bro,female,a10159,,1646.36,149.12,81.8,208.72,0.4,439.64,61.72,12
1,7,water1,7,14/02/2020,Friday2,WTB,Within Treatment,_.Yel,male,a10096,,2849.42,164.08,100.56,174.04,0.44,438.68,0,34
2,7,water1,7,14/02/2020,Friday2,WTB,Within Treatment,Gre.Bro,male,a10044,,2107.6,71,93,271.52,0.72,435.52,27.68,24
3,7,water1,7,14/02/2020,Friday2,WTB,Within Treatment,Red._,male,a10155,,936.371,0,0,307.76,2.28,307.76,,0
4,7,water1,7,14/02/2020,Friday2,WTB,Within Treatment,Red.Bro,male,a10169,,3055.31,76.72,144.08,219.2,0.04,440,31.68,27
5,7,water2,1,14/02/2020,Friday2,MA,Maternal,Bro.Yel,female,a9794,,1247.97,0,0,440.04,0.36,440.04,,0
6,7,water2,1,14/02/2020,Friday2,MA,Maternal,Gre.Whi,female,a9809,,1607.21,326,43.04,71,0.48,440.04,67.24,9
1,8,water2,1,14/02/2020,Friday2,MA,Maternal,_.Yel,male,a9764,,2208.4,31.56,120.6,275.6,0.08,427.76,135.68,21
2,8,water2,1,14/02/2020,Friday2,MA,Maternal,Red.Yel,female,a9761,,2760.16,182.64,112.6,143.92,0.12,439.16,13.76,37
3,8,water2,1,14/02/2020,Friday2,MA,Maternal,Whi.Ora,female,a9839,,173.886,0,0,267.08,85.56,267.08,,0
4,8,water2,1,14/02/2020,Friday2,MA,Maternal,Yel._,male,a9763,,876.528,0,0,397.04,7.84,397.04,,0
5,8,water2,1,14/02/2020,Friday2,MA,Maternal,Red.Gre,female,a9758,,1563.07,47.6,45.88,313.88,0.64,407.36,66.16,45
6,8,water2,1,14/02/2020,Friday2,MA,Maternal,Red.Red,male,a9754,,2675.59,41.16,102.64,294.48,0.12,438.28,233.44,13
1,9,water2,2,14/02/2020,Friday2,MA,Maternal,Bro.Pin,male,a9793,,2212.29,25.8,80,334.2,0.12,440,56.96,11
2,9,water2,2,14/02/2020,Friday2,MA,Maternal,Bro.Gre,female,a9796,,2342.6,88.76,68.6,282.48,0.2,439.84,82.72,16
3,9,water2,2,14/02/2020,Friday2,MA,Maternal,_.Bla,male,a9800,,1941.75,0,0,439.12,0.4,439.12,,0
4,9,water2,2,14/02/2020,Friday2,MA,Maternal,Red.Blu,female,a9759,,65.997,0,0,331.6,185.12,331.6,,0
5,9,water2,2,14/02/2020,Friday2,MA,Maternal,Pin.Ora,male,a9858,,2409.53,42.72,79.84,317.2,0.4,439.76,192.32,15
6,9,water2,2,14/02/2020,Friday2,MA,Maternal,Gre.Gre,female,a9804,,1731.29,0,0,440,0.64,440,,0
1,10,water2,3,14/02/2020,Friday2,MA,Maternal,Red.Bro,male,a9760,,2679.69,0,0,438.76,0.24,438.76,,0
2,10,water2,3,14/02/2020,Friday2,MA,Maternal,Blu.Yel,female,a9845,,2347.97,129,123.16,187.32,0.24,439.48,79.72,18
3,10,water2,3,14/02/2020,Friday2,MA,Maternal,Red.Pur,female,a9762,,876.4,0,0,300.04,3.4,300.04,,0
4,10,water2,3,14/02/2020,Friday2,MA,Maternal,Red._,female,a9848,,918.857,6.6,12.28,421.16,1.36,440.04,64.88,1
5,10,water2,3,14/02/2020,Friday2,MA,Maternal,Gre.Blu,male,a9808,,535.878,0,0,434.16,19.56,434.16,,0
6,10,water2,3,14/02/2020,Friday2,MA,Maternal,_.Gre,male,a9803,,2905.13,77.4,91.6,263.56,0.08,432.56,176.96,40
1,11,water2,4,14/02/2020,Friday2,WCB,Within Control,Ora.Bla,female,a9608,,1711.99,26.2,87.04,315.88,0.16,429.12,278.28,16
2,11,water2,4,14/02/2020,Friday2,WCB,Within Control,Blu.Ora,female,a9583,,626.735,0,0,401.68,122.96,401.68,,0
3,11,water2,4,14/02/2020,Friday2,WCB,Within Control,_.Pur,female,a9605,,834.965,0,0,424.64,7.28,424.64,,0
4,11,water2,4,14/02/2020,Friday2,WCB,Within Control,Pur.Blu,male,a9687,,3026.77,131.92,98.2,201.4,0.24,431.52,67.28,64
5,11,water2,4,14/02/2020,Friday2,WCB,Within Control,Bro.Bla,female,a9700,,2190.19,78,60.92,298.52,0.68,437.44,190.52,23
6,11,water2,4,14/02/2020,Friday2,WCB,Within Control,Blu.Red,male,a9582,,2434.32,51.64,65.32,320.72,0.36,437.68,119.48,22
1,12,water2,5,14/02/2020,Friday2,WCB,Within Control,Yel.Yel,female,a9613,,1006.32,0,0,424.2,79.88,424.2,,0
2,12,water2,5,14/02/2020,Friday2,WCB,Within Control,Pin.Whi,male,a9590,,769.928,0,0,440.04,122.48,440.04,,0
3,12,water2,5,14/02/2020,Friday2,WCB,Within Control,Bro.Gre,female,a9704,,960.643,12.2,57.08,370.68,193.32,439.96,333.92,7
4,12,water2,5,14/02/2020,Friday2,WCB,Within Control,Ora.Gre,male,a9612,,248.65,0,0,440.04,290,440.04,,0
5,12,water2,5,14/02/2020,Friday2,WCB,Within Control,Blu.Blu,male,a9575,,1860.26,20.92,70.24,348.88,10.44,440.04,319.08,7
6,12,water2,5,14/02/2020,Friday2,WCB,Within Control,Blu.Bro,female,a9579,,1743.47,62.36,54.44,323.24,4.88,440.04,150.72,10
1,13,water2,6,14/02/2020,Friday2,WCB,Within Control,Ora.Bro,male,a9610,,1720.74,0,0,426,0.56,426,,0
2,13,water2,6,14/02/2020,Friday2,WCB,Within Control,Blu.Gre,female,a9578,,1918.3,66.08,34.56,339.32,0.44,439.96,345.8,8
3,13,water2,6,14/02/2020,Friday2,WCB,Within Control,Blu.Pur,male,a9581,,136.378,0,0,440.04,224.88,440.04,,0
4,13,water2,6,14/02/2020,Friday2,WCB,Within Control,Red.Bro,male,a9677,,65.4883,0,0,440.04,305.4,440.04,,0
5,13,water2,6,14/02/2020,Friday2,WCB,Within Control,Blu.Whi,female,a9580,,1416.19,39.48,31.76,368.64,40.68,439.88,335.6,6
6,13,water2,6,14/02/2020,Friday2,WCB,Within Control,Pur.Pin,male,a9686,,1536.17,0,0,438.48,0.8,438.48,,0
1,14,water2,7,14/02/2020,Friday2,WCB,Within Control,Whi.Ora,female,a9596,,3183.97,183,191.96,60.84,0.04,435.8,63.64,84
2,14,water2,7,14/02/2020,Friday2,WCB,Within Control,Pin.Yel,male,a9587,,2968.73,61.44,106.6,271.88,0.08,439.92,147.52,24
3,14,water3,1,14/02/2020,Friday2,PB,Paternal,Red.Bla,male,a9949,,2360.55,124.68,98.04,216.88,0.4,439.6,160.08,33
4,14,water3,1,14/02/2020,Friday2,PB,Paternal,Bla.Whi,female,a9923,,3243.84,293.24,85.72,59.88,0.16,438.84,11.52,51
5,14,water3,1,14/02/2020,Friday2,PB,Paternal,Yel.Pur,female,a9899,,627.698,0,0,429.08,81.64,429.08,,0
6,14,water3,1,14/02/2020,Friday2,PB,Paternal,_.Pur,male,a9981,,2759.06,134.44,108.8,196.48,0.28,439.72,10.52,25
1,15,water3,2,14/02/2020,Friday2,PB,Paternal,Whi.Ora,female,a9927,,666.252,0,0,439.76,3.64,439.76,,0
2,15,water3,2,14/02/2020,Friday2,PB,Paternal,Bro.Blu,male,a9937,,910.84,0,0,440.04,52.8,440.04,,0
3,15,water3,2,14/02/2020,Friday2,PB,Paternal,Pin.Ora,female,a9953,,1173.85,0,15.24,424.56,0.6,439.8,,0
4,15,water3,2,14/02/2020,Friday2,PB,Paternal,Red.Yel,male,a9947,,733.168,0,0,440.04,17.44,440.04,,0
5,15,water3,2,14/02/2020,Friday2,PB,Paternal,Pin.Bro,female,a9955,,1149.17,16.16,78.16,345.24,8.92,439.56,158,4
6,15,water3,2,14/02/2020,Friday2,PB,Paternal,_.Red,female,a9903,,417.083,0,0,437.92,87.6,437.92,,0
1,16,water3,3,14/02/2020,Friday2,PB,Paternal,Blu.Gre,male,a9983,,1058.58,0,0,436.56,46.08,436.56,,0
2,16,water3,3,14/02/2020,Friday2,PB,Paternal,Blu.Blu,male,a9973,,2343.37,129.88,79.16,230.2,0.16,439.24,96.2,19
3,16,water3,3,14/02/2020,Friday2,PB,Paternal,Pin.Gre,female,a9952,,1877.62,75.36,100.76,263.92,1.6,440.04,70.76,19
4,16,water3,3,14/02/2020,Friday2,PB,Paternal,Bro._,male,a9908,,2352.96,97.28,124.28,218.44,1.04,440,128,30
5,16,water3,3,14/02/2020,Friday2,PB,Paternal,Red._,male,a9941,,2294.09,47.96,99.6,287.88,0.24,435.44,30.16,17
6,16,water3,3,14/02/2020,Friday2,PB,Paternal,Bro.Bro,female,a9910,,2207.65,61.32,136.2,242.52,0.12,440.04,124.88,24
1,17,water3,4,14/02/2020,Friday2,PB,Paternal,Blu.Pur,male,a9975,,1455.13,0,0,437.52,2.56,437.52,,0
2,17,water3,4,14/02/2020,Friday2,PB,Paternal,Whi._,female,a9924,,2378.48,39.96,104.72,295.32,4,440,143.76,14
3,17,water3,4,14/02/2020,Friday2,PB,Paternal,_.Ora,female,a9964,,716.883,9.76,47.72,380.08,7.44,437.56,341.52,4
4,17,water3,4,14/02/2020,Friday2,PB,Paternal,Yel.Gre,male,a9901,,3388.07,181.28,106.2,152.48,0.2,439.96,3.04,40
5,17,water3,4,14/02/2020,Friday2,WTA,Within Treatment,Whi.Yel,male,a10157,,2752.65,178.52,80.12,180.36,0.12,439,14.12,35
6,17,water3,4,14/02/2020,Friday2,WTA,Within Treatment,Red.Bla,female,a10164,,1603.92,28.12,48.6,363.08,9.24,439.8,355.16,7
1,18,water3,5,14/02/2020,Friday2,WTA,Within Treatment,Blu.Blu,female,a10046,,1941.09,72.64,75.8,283.2,15.76,431.64,216.36,22
2,18,water3,5,14/02/2020,Friday2,WTA,Within Treatment,Gre.Blu,female,a10041,,2144.4,15.92,115.88,305.32,0.2,437.12,363.44,7
3,18,water3,5,14/02/2020,Friday2,WTA,Within Treatment,Yel._,male,a10095,,3360.11,96.52,136.72,206.8,0.08,440.04,97.52,33
4,18,water3,5,14/02/2020,Friday2,WTA,Within Treatment,Pin.Blu,male,a10090,,3804.31,164.16,139.84,135.96,0,439.96,65.24,56
5,18,water3,5,14/02/2020,Friday2,WTA,Within Treatment,Red.Pur,male,a10166,,387.082,0,0,440.04,9.44,440.04,,0
6,18,water3,5,14/02/2020,Friday2,WTA,Within Treatment,Blu._,female,a10039,,2426.89,84.2,82.64,265,0.2,431.84,22.56,26
1,19,water3,6,14/02/2020,Friday2,WTA,Within Treatment,Gre.Ora,female,a10045,,1471.61,11.8,20.96,402.8,0.44,435.56,428.12,3
2,19,water3,6,14/02/2020,Friday2,WTA,Within Treatment,Ora.Red,male,a10064,,1909.75,0,5.08,434.92,0.32,440,,0
3,19,water3,6,14/02/2020,Friday2,WTA,Within Treatment,Gre.Pin,female,a10036,,3117.9,95.8,69.28,274.84,0.12,439.92,59.48,20
4,19,water3,6,14/02/2020,Friday2,WTA,Within Treatment,Pin.Bla,male,a10092,,2121.59,58.44,105,275.8,0.16,439.24,138.6,12
5,19,water3,6,14/02/2020,Friday2,WTA,Within Treatment,Ora.Bro,male,a10070,,2617.43,107.76,98.24,234.04,0.32,440.04,117.6,18
6,19,water3,6,14/02/2020,Friday2,WTA,Within Treatment,Pin.Gre,female,a10087,,233.282,0,0,439.32,171.56,439.32,,0
1,20,water3,7,14/02/2020,Friday2,WTA,Within Treatment,Red.Whi,female,a10172,,1343.53,0,4.88,434.56,4.68,439.44,,0
2,20,water3,7,14/02/2020,Friday2,WTA,Within Treatment,Bro.Bro,male,a10201,,2893.81,223.44,113,103.56,0.16,440,15.52,39
3,20,water3,7,14/02/2020,Friday2,WTA,Within Treatment,Pur.Blu,female,a10079,,2406.2,100.52,105.36,230.88,0.24,436.76,124.56,25
4,20,water3,7,14/02/2020,Friday2,WTA,Within Treatment,Whi.Pur,female,a10158,,197.033,0,0,440.04,316.48,440.04,,0
5,20,water3,7,14/02/2020,Friday2,WTA,Within Treatment,Blu.Yel,male,a10055,,2215.17,83.44,99.16,256.84,0.32,439.44,40.24,14
6,20,water3,7,14/02/2020,Friday2,WTA,Within Treatment,Pur._,male,a10077,,2000.26,29.28,38.12,372.64,0.16,440.04,171.68,7
1,21,water4,1,14/02/2020,Friday2,MB,Maternal,Yel.Ora,female,a9778,,3035.82,119.4,135.8,182.96,0.08,438.16,0,32
2,21,water4,1,14/02/2020,Friday2,MB,Maternal,Pin.Yel,female,a9854,,3081.85,138.28,119.64,180.4,0,438.32,7.92,47
3,21,water4,1,14/02/2020,Friday2,MB,Maternal,Yel.Bla,female,a9777,,2164.73,49.2,53.52,333.6,0.2,436.32,137.72,12
4,21,water4,1,14/02/2020,Friday2,MB,Maternal,Pur.Pin,male,a9824,,3769.75,212.2,98.2,127.96,0.04,438.36,11.32,53
5,21,water4,1,14/02/2020,Friday2,MB,Maternal,Blu.Blu,male,a9843,,1252.83,0,14.88,425.16,2.04,440.04,,0
6,21,water4,1,14/02/2020,Friday2,MB,Maternal,Red.Pin,male,a9755,,2909.88,165.84,113.92,159.24,0.04,439,8.92,36
1,22,water4,2,14/02/2020,Friday2,MB,Maternal,_.Blu,male,a9844,,2037.08,89.12,101.92,249,6.76,440.04,65.4,18
2,22,water4,2,14/02/2020,Friday2,MB,Maternal,Bla.Gre,female,a9787,,1966.42,196.8,112.36,106.2,0.2,415.36,68.36,91
3,22,water4,2,14/02/2020,Friday2,MB,Maternal,Red.Bla,male,a9756,,3394.4,89.84,126.16,224.04,0.08,440.04,69.32,32
4,22,water4,2,14/02/2020,Friday2,MB,Maternal,_._,female,a9774,,2358.56,92.12,62.4,280.68,0.16,435.2,0,33
5,22,water4,2,14/02/2020,Friday2,MB,Maternal,Gre.Ora,female,a9868,,2823.33,101.8,69.4,268.04,0.04,439.24,0,26
6,22,water4,2,14/02/2020,Friday2,MB,Maternal,Pin.Whi,female,a9862,,2166.15,30.48,24.8,383.6,7.88,438.88,47.64,12
1,23,water4,3,14/02/2020,Friday2,MB,Maternal,Gre.Pur,female,a9867,,1784.77,31.32,81.24,318.88,2.16,431.44,252.68,15
2,23,water4,3,14/02/2020,Friday2,MB,Maternal,_.Red,male,a9849,,1712.93,20.84,50.12,369.08,0.8,440.04,314.24,3
3,23,water4,3,14/02/2020,Friday2,MB,Maternal,Ora.Pur,male,a9821,,2079.29,122.92,173.96,142.84,0.08,439.72,48.12,20
4,23,water4,3,14/02/2020,Friday2,MB,Maternal,_.Ora,female,a10198,,2794.34,242.2,94.52,103.24,0.04,439.96,0,32
5,23,water4,3,14/02/2020,Friday2,MB,Maternal,Red._,male,a9752,,2879.32,35.2,70.64,333.24,0.04,439.08,141.4,6
6,23,water4,3,14/02/2020,Friday2,MB,Maternal,Yel.Yel,male,a9765,,2909.99,54.04,117.6,265.84,0.12,437.48,39.6,21
1,24,water4,4,14/02/2020,Friday2,MB,Maternal,Blu.Gre,male,a9846,,3344.59,111.48,94.96,233.6,0.08,440.04,41.12,32
2,24,water4,4,14/02/2020,Friday2,MB,Maternal,Ora.Yel,male,a9813,,2945.24,111.92,67.96,257.52,0.16,437.4,35.92,34
3,24,water4,4,14/02/2020,Friday2,WCA,Within Control,Gre.Blu,female,a9553,,2739.14,125.96,118.2,195.88,0.16,440.04,43.88,21
4,24,water4,4,14/02/2020,Friday2,WCA,Within Control,Ora.Blu,female,a9607,,2588.51,135.52,169.2,127.84,0.12,432.56,37.96,60
5,24,water4,4,14/02/2020,Friday2,WCA,Within Control,Red.Bla,male,a9676,,221.84,0,0,439.48,146.28,439.48,,0
6,24,water4,4,14/02/2020,Friday2,WCA,Within Control,Gre.Bla,male,a9554,,2347.63,66.68,120.84,252.52,0.24,440.04,158.84,12
1,25,water4,5,14/02/2020,Friday2,WCA,Within Control,Red.Pin,female,a9673,,2988.12,85.04,129.36,223.04,0.08,437.44,31.8,35
2,25,water4,5,14/02/2020,Friday2,WCA,Within Control,Ora.Ora,male,a9706,,2465.89,143.84,93.56,193.76,0.2,431.16,25.76,42
3,25,water4,5,14/02/2020,Friday2,WCA,Within Control,Red.Gre,male,a9680,,2195.11,103.92,65.8,270.16,0.4,439.88,71.4,13
4,25,water4,5,14/02/2020,Friday2,WCA,Within Control,Red.Whi,female,a9679,,837.469,0,0,439.64,76.04,439.64,,0
5,25,water4,5,14/02/2020,Friday2,WCA,Within Control,Red.Yel,female,a9678,,2518.27,156.76,72.52,209.88,0.2,439.16,101.72,22
6,25,water4,5,14/02/2020,Friday2,WCA,Within Control,Pin.Gre,male,a9588,,2317.82,51.2,90.6,298.16,0.16,439.96,163.52,16
1,26,water4,6,14/02/2020,Friday2,WCA,Within Control,Pur.Red,female,a9566,,671.333,75.48,33.72,330.84,49,440.04,74.88,2
2,26,water4,6,14/02/2020,Friday2,WCA,Within Control,Ora.Red,male,a9606,,2967.82,198.8,81.08,159.8,0.16,439.68,0,20
3,26,water4,6,14/02/2020,Friday2,WCA,Within Control,Gre.Bro,male,a9558,,2348.22,274.32,84.64,81.04,0.12,440,0,27
4,26,water4,6,14/02/2020,Friday2,WCA,Within Control,Red.Ora,male,a9681,,1721.69,0,0,440.04,0.24,440.04,,0
5,26,water4,6,14/02/2020,Friday2,WCA,Within Control,Whi.Bla,female,a9598,,2525.21,77.48,82.64,269.4,0.2,429.52,56.24,38
6,26,water4,6,14/02/2020,Friday2,WCA,Within Control,Whi.Yel,female,a9599,,967.021,0,0,439.48,1.4,439.48,,0
1,27,water4,7,14/02/2020,Friday2,WCA,Within Control,Gre.Pur,female,a9556,,3175.4,143.84,155.92,140.28,0.04,440.04,7,47
2,27,water4,7,14/02/2020,Friday2,WCA,Within Control,Pur._,male,a9562,,692.42,0,0,440.04,143.16,440.04,,0
3,27,water4,7,14/02/2020,Friday2,WCA,Within Control,Ora.Gre,female,a9603,,2245.24,73.24,94.64,271.92,0.2,439.8,123.92,17
4,27,water4,7,14/02/2020,Friday2,WCA,Within Control,Ora.Whi,male,a9611,,2778.12,151.08,112.28,176.52,0.2,439.88,129.84,28
1,1,water1,1,2/03/2020,Monday3,WCB,Within Control,Blu.Bro,female,a9579,,1305.95,12.64,11.2,416.24,1.28,440.08,275.04,3
2,1,water1,1,2/03/2020,Monday3,WCB,Within Control,Blu.Gre,female,a9578,,1505.65,61.92,63.36,314.8,0.32,440.08,184.4,8
3,1,water1,1,2/03/2020,Monday3,WCB,Within Control,Bro.Bla,female,a9700,,1857.7,150.48,122.32,167.28,0.48,440.08,83.68,25
4,1,water1,1,2/03/2020,Monday3,WCB,Within Control,Ora.Gre,male,a9612,,277.191,0,0,440.08,281.92,440.08,,0
5,1,water1,1,2/03/2020,Monday3,WCB,Within Control,Red.Bro,male,a9677,,363.707,0,0,440.08,202.96,440.08,,0
6,1,water1,1,2/03/2020,Monday3,WCB,Within Control,Blu.Pur,male,a9581,,1190.75,124.8,40.88,274.4,4.24,440.08,263.36,12
1,2,water1,2,2/03/2020,Monday3,WCB,Within Control,Pin.Yel,male,a9587,,2022.54,86.56,76.24,277.28,0.4,440.08,222.4,14
2,2,water1,2,2/03/2020,Monday3,WCB,Within Control,Blu.Blu,male,a9575,,2133.93,11.2,144.16,284.72,0.48,440.08,225.2,5
3,2,water1,2,2/03/2020,Monday3,WCB,Within Control,_.Pur,female,a9605,,1177.8,36.48,65.2,338.4,0.16,440.08,356,3
4,2,water1,2,2/03/2020,Monday3,WCB,Within Control,Pin.Whi,male,a9590,,48.4961,0,0.56,439.52,394.08,440.08,,0
5,2,water1,2,2/03/2020,Monday3,WCB,Within Control,Ora.Bro,male,a9610,,1289.13,0,0,440.08,0.64,440.08,,0
6,2,water1,2,2/03/2020,Monday3,WCB,Within Control,Blu.Whi,female,a9580,,1098.81,2.32,30.64,407.12,13.84,440.08,335.76,3
1,3,water1,3,2/03/2020,Monday3,WCB,Within Control,Whi.Ora,female,a9596,,1921.7,52.48,77.28,310.32,0,440.08,302.72,11
2,3,water1,3,2/03/2020,Monday3,WCB,Within Control,Blu.Ora,female,a9583,,798.265,17.6,26.56,395.92,153.6,440.08,391.84,4
3,3,water1,3,2/03/2020,Monday3,WCB,Within Control,Ora.Bla,female,a9608,,1430.99,288.08,97.76,54.24,0.48,440.08,0,14
4,3,water1,3,2/03/2020,Monday3,WCB,Within Control,Pur.Pin,male,a9686,,1086.23,0,0,440.08,12.96,440.08,,0
5,3,water1,3,2/03/2020,Monday3,WCB,Within Control,Bro.Gre,female,a9704,,1981.84,73.44,101.04,265.6,0.72,440.08,134.72,15
6,3,water1,3,2/03/2020,Monday3,WCB,Within Control,Yel.Yel,female,a9613,,1014.11,0,0,440.08,1.84,440.08,,0
1,4,water1,4,2/03/2020,Monday3,WCB,Within Control,Blu.Red,male,a9582,,2322.16,93.84,65.04,281.2,12.48,440.08,39.2,23
2,4,water1,4,2/03/2020,Monday3,WCB,Within Control,Pur.Blu,male,a9687,,2458.29,133.12,93.28,213.68,1.2,440.08,100.56,24
3,4,water1,4,2/03/2020,Monday3,MA,Maternal,Bro.Gre,female,a9796,,671.358,17.92,22,400.16,79.36,440.08,384.56,3
4,4,water1,4,2/03/2020,Monday3,MA,Maternal,Red.Yel,female,a9761,,2109.92,170.88,103.44,165.76,0.08,440.08,94.24,21
5,4,water1,4,2/03/2020,Monday3,MA,Maternal,Red.Blu,female,a9759,,7.03247,0,0,440.08,440,440.08,,0
6,4,water1,4,2/03/2020,Monday3,MA,Maternal,_.Yel,male,a9764,,1217.86,0,0,440.08,1.12,440.08,,0
1,5,water1,5,2/03/2020,Monday3,MA,Maternal,Gre.Gre,female,a9804,,1467.34,0,0,440.08,0.24,440.08,,0
2,5,water1,5,2/03/2020,Monday3,MA,Maternal,Red.Red,male,a9754,,1616.7,17.12,88.8,334.16,0.24,440.08,224.72,5
3,5,water1,5,2/03/2020,Monday3,MA,Maternal,Bro.Yel,female,a9794,,639.614,0,0,440.08,4.08,440.08,,0
4,5,water1,5,2/03/2020,Monday3,MA,Maternal,Red.Bro,male,a9760,,1745.63,10.24,47.44,382.4,0.24,440.08,375.76,3
5,5,water1,5,2/03/2020,Monday3,MA,Maternal,Red.Gre,female,a9758,,1761.89,98.64,101.28,240.16,0.32,440.08,74.64,15
6,5,water1,5,2/03/2020,Monday3,MA,Maternal,Gre.Blu,male,a9808,,7.01374,0,0,440.08,440,440.08,,0
1,6,water1,6,2/03/2020,Monday3,MA,Maternal,Whi.Ora,female,a9839,,241.115,0,0,440.08,230.24,440.08,,0
2,6,water1,6,2/03/2020,Monday3,MA,Maternal,Gre.Whi,female,a9809,,1840.99,119.36,54.4,266.32,1.44,440.08,104.72,14
3,6,water1,6,2/03/2020,Monday3,MA,Maternal,_.Bla,male,a9800,,441.771,0,0,440.08,158.16,440.08,,0
4,6,water1,6,2/03/2020,Monday3,MA,Maternal,Red.Pur,female,a9762,,1383.77,0,0,440.08,0.96,440.08,,0
5,6,water1,6,2/03/2020,Monday3,MA,Maternal,Blu.Yel,female,a9845,,9.02942,0,0,440.08,440,440.08,,0
6,6,water1,6,2/03/2020,Monday3,MA,Maternal,Red._,female,a9848,,945.819,23.52,49.76,366.8,26.8,440.08,320.4,3
1,7,water1,7,2/03/2020,Monday3,MA,Maternal,Bro.Pin,male,a9793,,13.8289,0,0,440.08,435.68,440.08,,0
2,7,water1,7,2/03/2020,Monday3,MA,Maternal,_.Gre,male,a9803,,1901.75,37.68,116.72,285.68,16.88,440.08,242,13
3,7,water1,7,2/03/2020,Monday3,MA,Maternal,Pin.Ora,male,a9858,,687.686,0,0,440.08,111.04,440.08,,0
4,7,water1,7,2/03/2020,Monday3,MA,Maternal,Yel._,male,a9763,,27.2418,0,0,440.08,414.64,440.08,,0
1,8,water2,1,2/03/2020,Monday3,WTB,Within Treatment,Gre.Pur,male,a10043,,1871.71,83.6,79.84,276.64,0.4,440.08,121.2,9
2,8,water2,1,2/03/2020,Monday3,WTB,Within Treatment,Ora.Ora,female,a10060,,2731.25,198.16,108.08,133.84,0.08,440.08,0,40
3,8,water2,1,2/03/2020,Monday3,WTB,Within Treatment,_.Blu,female,a10040,,1832.56,40.16,129.76,270.16,0.08,440.08,169.2,8
4,8,water2,1,2/03/2020,Monday3,WTB,Within Treatment,Whi.Bro,female,a10159,,2094.86,167.52,48.72,223.84,0.72,440.08,12.72,15
5,8,water2,1,2/03/2020,Monday3,WTB,Within Treatment,Yel.Yel,female,a10097,,2102.91,127.12,66.88,246.08,0.4,440.08,114.24,15
6,8,water2,1,2/03/2020,Monday3,WTB,Within Treatment,Pin.Bro,male,a10088,,1920.22,88.56,99.44,252.08,2.32,440.08,64.08,18
1,9,water2,2,2/03/2020,Monday3,WTB,Within Treatment,Whi.Bla,male,a10152,,1347.47,0,0,440.08,0.88,440.08,,0
2,9,water2,2,2/03/2020,Monday3,WTB,Within Treatment,Pur.Pur,female,a10081,,1905.09,57.76,77.68,304.64,0.32,440.08,73.52,10
3,9,water2,2,2/03/2020,Monday3,WTB,Within Treatment,Whi.Pin,female,a10154,,1611.77,69.68,105.36,265.04,0.72,440.08,235.04,9
4,9,water2,2,2/03/2020,Monday3,WTB,Within Treatment,Ora.Pin,female,a10063,,1524.63,305.92,55.2,78.96,0.24,440.08,0,4
5,9,water2,2,2/03/2020,Monday3,WTB,Within Treatment,Pin.Red,male,a10089,,1668.31,50.16,77.36,312.56,1.44,440.08,103.84,12
6,9,water2,2,2/03/2020,Monday3,WTB,Within Treatment,Pur.Gre,male,a10074,,1722.72,86.88,120.88,232.32,0.24,440.08,97.04,12
1,10,water2,3,2/03/2020,Monday3,WTB,Within Treatment,_.Yel,male,a10096,,2020.47,339.28,55.68,45.12,0.8,440.08,3.84,18
2,10,water2,3,2/03/2020,Monday3,WTB,Within Treatment,Red.Bro,male,a10169,,2872.03,70.64,143.36,226.08,0.08,440.08,97.04,28
3,10,water2,3,2/03/2020,Monday3,WTB,Within Treatment,Whi.Ora,female,a10160,,991.45,0,9.12,430.96,2.16,440.08,,0
4,10,water2,3,2/03/2020,Monday3,WTB,Within Treatment,Red._,male,a10155,,1146.64,0,2.16,437.92,63.52,440.08,,0
5,10,water2,3,2/03/2020,Monday3,WTB,Within Treatment,Pur.Red,female,a10076,,1141.14,97.84,59.04,283.2,128.08,440.08,197.36,11
6,10,water2,3,2/03/2020,Monday3,WTB,Within Treatment,Blu.Ora,female,a10059,,945.861,0,0,440.08,110.4,440.08,,0
1,11,water2,4,2/03/2020,Monday3,WTB,Within Treatment,Gre._,male,a10037,,1880.12,157.84,151.92,130.32,0.24,440.08,137.2,14
2,11,water2,4,2/03/2020,Monday3,WTB,Within Treatment,Gre.Bro,male,a10044,,3202.08,248,124.88,67.2,0.08,440.08,0,53
3,11,water2,4,2/03/2020,Monday3,PA,Paternal,Whi.Bro,female,a9929,,973.144,18.08,45.84,376.16,109.6,440.08,161.68,7
4,11,water2,4,2/03/2020,Monday3,PA,Paternal,Whi.Red,male,a9931,,644.333,0,0,440.08,32.8,440.08,,0
5,11,water2,4,2/03/2020,Monday3,PA,Paternal,Blu.Bla,male,a9984,,2414.39,106.4,117.28,216.4,0.88,440.08,78.32,24
6,11,water2,4,2/03/2020,Monday3,PA,Paternal,Ora.Pin,female,a9961,,1631.69,192.24,94.16,153.68,0.08,440.08,0,13
1,12,water2,5,2/03/2020,Monday3,PA,Paternal,Gre.Gre,female,a9874,,2229.71,83.52,84,272.56,0.48,440.08,184.96,22
2,12,water2,5,2/03/2020,Monday3,PA,Paternal,Bla.Gre,female,a9922,,2319.61,117.84,74.88,247.36,0.16,440.08,111.2,20
3,12,water2,5,2/03/2020,Monday3,PA,Paternal,Pin.Blu,male,a9960,,926.852,17.68,34.08,388.32,10.72,440.08,392.08,4
4,12,water2,5,2/03/2020,Monday3,PA,Paternal,Gre.Pin,male,a9880,,2134.49,95.68,71.44,272.96,0.24,440.08,152.48,19
5,12,water2,5,2/03/2020,Monday3,PA,Paternal,Bla.Pin,male,a9919,,2709.31,149.12,119.2,171.76,0,440.08,50.16,33
6,12,water2,5,2/03/2020,Monday3,PA,Paternal,_.Bro,female,a9917,,2143.41,191.6,74.48,174,0.32,440.08,136.64,19
1,13,water2,6,2/03/2020,Monday3,PA,Paternal,Ora.Ora,female,a9962,,2757.02,230.24,77.12,132.72,0,440.08,22.08,29
2,13,water2,6,2/03/2020,Monday3,PA,Paternal,Gre.Blu,male,a9881,,12.2474,0,0,440.08,440,440.08,,0
3,13,water2,6,2/03/2020,Monday3,PA,Paternal,Pin.Pur,female,a9957,,1487.64,56.08,51.44,332.56,0.88,440.08,92.88,8
4,13,water2,6,2/03/2020,Monday3,PA,Paternal,Pin.Yel,male,a9956,,2500.38,59.52,89.68,290.88,0.24,440.08,122.8,17
5,13,water2,6,2/03/2020,Monday3,PA,Paternal,Gre.Ora,female,a9876,,2295.99,92.32,98.24,249.52,0.56,440.08,109.6,22
6,13,water2,6,2/03/2020,Monday3,PA,Paternal,Bla.Red,female,a9921,,1642.16,0,5.84,434.24,0.64,440.08,,0
1,14,water2,7,2/03/2020,Monday3,PA,Paternal,_.Gre,male,a9873,,1853.32,80.88,66.96,292.24,0.56,440.08,122.56,8
2,14,water2,7,2/03/2020,Monday3,PA,Paternal,Bla.Ora,female,a9887,,1379.04,22.48,85.92,331.68,0.96,440.08,154.08,4
3,14,water2,7,2/03/2020,Monday3,PA,Paternal,Pin.Red,female,a9958,,1975.97,91.28,102,246.8,0.64,440.08,188,16
4,14,water2,7,2/03/2020,Monday3,PA,Paternal,Whi.Whi,male,a9926,,1418.27,40.16,50.4,349.52,74.08,440.08,264.96,11
1,15,water3,1,2/03/2020,Monday3,WCA,Within Control,Red.Pin,female,a9673,,2479.94,127.76,88.24,224.08,0.08,440.08,16,19
2,15,water3,1,2/03/2020,Monday3,WCA,Within Control,Whi.Yel,female,a9599,,2538.11,170.08,104.48,165.52,0.16,440.08,0.24,27
3,15,water3,1,2/03/2020,Monday3,WCA,Within Control,Red.Gre,male,a9680,,2571.68,160.48,97.52,182.08,0.08,440.08,0.96,26
4,15,water3,1,2/03/2020,Monday3,WCA,Within Control,Red.Bla,male,a9676,,1045.88,0,0,440.08,70.16,440.08,,0
5,15,water3,1,2/03/2020,Monday3,WCA,Within Control,Red.Yel,female,a9678,,1969.15,139.76,73.52,226.8,0,440.08,9.36,16
6,15,water3,1,2/03/2020,Monday3,WCA,Within Control,Gre.Pur,female,a9556,,2690.1,144.8,140.72,154.56,0.24,440.08,41.52,41
1,16,water3,2,2/03/2020,Monday3,WCA,Within Control,Ora.Blu,female,a9607,,2178.05,134.24,114.24,191.52,0.24,440,103.2,25
2,16,water3,2,2/03/2020,Monday3,WCA,Within Control,Pur._,male,a9562,,44.3564,0,0,440.08,411.04,440.08,,0
3,16,water3,2,2/03/2020,Monday3,WCA,Within Control,Ora.Red,male,a9606,,1748.47,35.6,72.8,331.68,0.48,440.08,261.28,8
4,16,water3,2,2/03/2020,Monday3,WCA,Within Control,Gre.Bla,male,a9554,,1662.51,190.72,126.88,122.48,0.4,440.08,88.96,19
5,16,water3,2,2/03/2020,Monday3,WCA,Within Control,Blu.Yel,female,a9577,,1766.44,44.96,57.04,338.08,1.44,440.08,259.92,9
6,16,water3,2,2/03/2020,Monday3,WCA,Within Control,Pur.Red,female,a9566,,1596.72,46.64,37.2,356.24,0.32,440.08,67.92,8
1,17,water3,3,2/03/2020,Monday3,WCA,Within Control,Ora.Ora,male,a9706,,1952.76,34.56,56.96,348.56,0.4,440.08,136.96,6
2,17,water3,3,2/03/2020,Monday3,WCA,Within Control,Ora.Whi,male,a9611,,2214.7,81.76,120.96,237.36,0.08,440.08,235.36,16
3,17,water3,3,2/03/2020,Monday3,WCA,Within Control,Red.Ora,male,a9681,,699.378,0,0,440.08,46.96,440.08,,0
4,17,water3,3,2/03/2020,Monday3,WCA,Within Control,Pin.Gre,male,a9588,,1223.65,11.44,30.08,398.56,1.6,440.08,208.4,3
5,17,water3,3,2/03/2020,Monday3,WCA,Within Control,Red.Whi,female,a9679,,1327.21,34.24,77.04,328.8,13.2,440.08,268,7
6,17,water3,3,2/03/2020,Monday3,WCA,Within Control,Ora.Gre,female,a9603,,1780.38,0,29.2,410.72,0.32,439.92,,0
1,18,water3,4,2/03/2020,Monday3,WCA,Within Control,Gre.Bro,male,a9558,,3004.42,285.6,103.92,50.4,0.08,440.08,3.84,40
2,18,water3,4,2/03/2020,Monday3,WCA,Within Control,Gre.Blu,female,a9553,,2571.5,138.32,105.12,196.64,0.8,440.08,56.16,26
3,18,water3,4,2/03/2020,Monday3,MB,Maternal,Red.Pin,male,a9755,,2177.79,169.28,89.92,180.88,0.08,440.08,123.84,20
4,18,water3,4,2/03/2020,Monday3,MB,Maternal,_.Ora,female,a10198,,1632.96,202.24,133.76,104.08,16.8,440.08,82.4,18
5,18,water3,4,2/03/2020,Monday3,MB,Maternal,Gre.Ora,female,a9868,,2381.1,74.88,84.32,280.88,0.16,440.08,0,11
6,18,water3,4,2/03/2020,Monday3,MB,Maternal,Bla.Gre,female,a9787,,2333.01,148.24,79.04,212.8,0.24,440.08,77.44,17
1,19,water3,5,2/03/2020,Monday3,MB,Maternal,_.Blu,male,a9844,,1535.95,108.56,64.16,267.2,2.4,440.08,224.88,12
2,19,water3,5,2/03/2020,Monday3,MB,Maternal,Blu.Blu,male,a9843,,84.9706,0,0,440.08,336.16,440.08,,0
3,19,water3,5,2/03/2020,Monday3,MB,Maternal,Red.Bla,male,a9756,,2492.15,76.08,133.6,230.4,0.08,440.08,168.72,21
4,19,water3,5,2/03/2020,Monday3,MB,Maternal,Ora.Yel,male,a9813,,2384.68,141.52,91.28,207.28,0.08,440.08,6.08,22
5,19,water3,5,2/03/2020,Monday3,MB,Maternal,Pur.Pin,male,a9824,,2583.12,154.72,81.12,204.24,0.08,440.08,59.28,25
6,19,water3,5,2/03/2020,Monday3,MB,Maternal,Gre.Pur,female,a9867,,2114.05,91.44,72.08,276.48,0.24,440,252.24,16
1,20,water3,6,2/03/2020,Monday3,MB,Maternal,Yel.Ora,female,a9778,,2402.68,47.84,86.88,305.36,0.88,440.08,89.12,16
2,20,water3,6,2/03/2020,Monday3,MB,Maternal,Pin.Whi,female,a9862,,2441.2,98.08,65.76,276.24,0.48,440.08,0,18
3,20,water3,6,2/03/2020,Monday3,MB,Maternal,Red._,male,a9752,,1542.01,30.56,111.2,298.32,0.72,440.08,125.04,7
4,20,water3,6,2/03/2020,Monday3,MB,Maternal,Pin.Yel,female,a9854,,2962.48,248,101.44,90.64,0,440.08,0,42
5,20,water3,6,2/03/2020,Monday3,MB,Maternal,Ora.Pur,male,a9821,,2107.24,141.44,104.32,194.32,0,440.08,141.28,23
6,20,water3,6,2/03/2020,Monday3,MB,Maternal,Yel.Bla,female,a9777,,1943.15,24.8,74.64,340.64,0.48,440.08,267.84,9
1,21,water3,7,2/03/2020,Monday3,MB,Maternal,Yel.Yel,male,a9765,,1777.06,103.36,103.76,232.96,0.4,440.08,129.76,15
2,21,water3,7,2/03/2020,Monday3,MB,Maternal,_.Red,male,a9849,,1385.42,15.2,51.2,373.68,2.56,440.08,303.04,5
3,21,water3,7,2/03/2020,Monday3,MB,Maternal,_._,female,a9774,,2103.53,166.72,69.6,203.76,0.24,440.08,79.36,18
4,21,water3,7,2/03/2020,Monday3,MB,Maternal,Blu.Gre,male,a9846,,2093.42,70.96,92.4,276.72,0.96,440.08,213.68,20
5,21,water4,1,2/03/2020,Monday3,WTA,Within Treatment,Pin.Gre,female,a10087,,8.6507,0,0,440.08,439.04,440.08,,0
6,21,water4,1,2/03/2020,Monday3,WTA,Within Treatment,Ora.Bro,male,a10070,,2279.9,118.8,112.8,208.32,0.32,439.92,39.36,21
1,22,water4,1,2/03/2020,Monday3,WTA,Within Treatment,Red.Bla,female,a10164,,2341.83,164.16,92.56,183.36,0.08,440.08,67.36,21
2,22,water4,1,2/03/2020,Monday3,WTA,Within Treatment,Blu.Blu,female,a10046,,2551.37,135.36,117.68,187.04,0.4,440.08,8.8,27
3,22,water4,1,2/03/2020,Monday3,WTA,Within Treatment,Red.Whi,female,a10172,,2080.57,113.28,119.04,207.76,1.04,440.08,100.8,23
4,22,water4,1,2/03/2020,Monday3,WTA,Within Treatment,Pur.Blu,female,a10079,,2957.08,313.92,71.84,53.44,0.16,439.2,1.04,39
5,22,water4,1,2/03/2020,Monday3,WTA,Within Treatment,Blu._,female,a10039,,2555.16,195.68,60,184.4,0.16,440.08,0,24
6,22,water4,1,2/03/2020,Monday3,WTA,Within Treatment,Bro.Bro,male,a10201,,2332.1,348.32,49.68,42.08,0.24,440.08,1.92,18
1,23,water4,2,2/03/2020,Monday3,WTA,Within Treatment,Gre.Blu,female,a10041,,2164.02,61.52,106.72,271.84,0.08,440.08,110,17
2,23,water4,2,2/03/2020,Monday3,WTA,Within Treatment,Pin.Bla,male,a10092,,1584.58,26.16,47.84,366.08,1.12,440.08,188.24,8
3,23,water4,2,2/03/2020,Monday3,WTA,Within Treatment,Whi.Yel,male,a10157,,1897.59,105.92,107.92,226.24,1.28,440.08,34.88,16
4,23,water4,2,2/03/2020,Monday3,WTA,Within Treatment,Yel._,male,a10095,,2859.48,123.28,117.36,199.44,0.32,440.08,72.24,28
5,23,water4,2,2/03/2020,Monday3,WTA,Within Treatment,Blu.Yel,male,a10055,,2164.39,130.64,85.52,223.92,0.24,440.08,5.52,27
6,23,water4,2,2/03/2020,Monday3,WTA,Within Treatment,Whi.Pur,female,a10158,,256.711,0,0,440.08,303.6,440.08,,0
1,24,water4,3,2/03/2020,Monday3,WTA,Within Treatment,Pin.Blu,male,a10090,,3144.43,142.24,138.8,159.04,0.24,440.08,54.32,45
2,24,water4,3,2/03/2020,Monday3,WTA,Within Treatment,Pur._,male,a10077,,1657.23,74.56,111.44,254.08,0.8,440.08,39.52,14
3,24,water4,3,2/03/2020,Monday3,WTA,Within Treatment,Gre.Gre,female,a10034,,1036.11,0,3.92,436.16,96.56,440.08,,0
4,24,water4,3,2/03/2020,Monday3,WTA,Within Treatment,Ora.Red,male,a10064,,2052.73,80.96,134.88,224.08,0,439.92,0,20
5,24,water4,3,2/03/2020,Monday3,WTA,Within Treatment,Red.Pur,male,a10166,,144.155,0,0,440.08,393.68,440.08,,0
6,24,water4,3,2/03/2020,Monday3,WTA,Within Treatment,Gre.Pin,female,a10036,,2457.16,90.16,72.8,277.12,0.16,440.08,11.6,20
1,25,water4,4,2/03/2020,Monday3,PB,Paternal,Whi._,female,a9924,,2404.08,173.52,128.32,138.24,0.4,440.08,20.24,32
2,25,water4,4,2/03/2020,Monday3,PB,Paternal,_.Red,female,a9903,,416.583,0,0,440.08,175.68,440.08,,0
3,25,water4,4,2/03/2020,Monday3,PB,Paternal,_.Pur,male,a9981,,2223.46,79.44,86.64,274,2.88,440.08,158.96,20
4,25,water4,4,2/03/2020,Monday3,PB,Paternal,Red._,male,a9941,,2288.46,221.28,76.72,142,0.24,440,25.2,23
5,25,water4,4,2/03/2020,Monday3,PB,Paternal,Yel.Gre,male,a9901,,2051.67,117.28,110.96,211.84,0.08,440.08,49.6,19
6,25,water4,4,2/03/2020,Monday3,PB,Paternal,Pin.Gre,female,a9952,,988.432,21.36,17.52,401.2,24.8,440.08,138.8,2
1,26,water4,5,2/03/2020,Monday3,PB,Paternal,Whi.Ora,female,a9927,,1314.5,28.24,24.88,386.96,14.48,440.08,398.56,5
2,26,water4,5,2/03/2020,Monday3,PB,Paternal,Blu.Gre,male,a9983,,340.635,0,0,440.08,289.84,440.08,,0
3,26,water4,5,2/03/2020,Monday3,PB,Paternal,Red.Bla,male,a9949,,1865.25,109.92,143.52,186.64,1.44,440.08,130.24,18
4,26,water4,5,2/03/2020,Monday3,PB,Paternal,Yel.Pur,female,a9899,,1956.66,47.04,67.6,325.44,0.72,440.08,205.44,11
5,26,water4,5,2/03/2020,Monday3,PB,Paternal,Pur.Pur,female,a9982,,1521.97,72.4,48.08,319.6,0.48,440.08,297.28,13
6,26,water4,5,2/03/2020,Monday3,PB,Paternal,Bro._,male,a9908,,2130,106.24,111.12,222.72,0.72,440.08,77.92,19
1,27,water4,6,2/03/2020,Monday3,PB,Paternal,Bro.Bro,female,a9910,,1173.25,0,1.36,438.72,0.32,440.08,,0
2,27,water4,6,2/03/2020,Monday3,PB,Paternal,Red.Yel,male,a9947,,933.652,30.4,51.76,357.92,109.28,440.08,336.56,4
3,27,water4,6,2/03/2020,Monday3,PB,Paternal,Bla.Whi,female,a9923,,2035.39,294.24,54.96,90.88,0.4,440.08,96.32,22
4,27,water4,6,2/03/2020,Monday3,PB,Paternal,Blu.Blu,male,a9973,,1491.04,238.24,80.4,121.44,4.16,440.08,106.48,16
5,27,water4,6,2/03/2020,Monday3,PB,Paternal,Pin.Ora,female,a9953,,1458.15,28.16,50.72,361.2,0.96,440.08,204.8,5
6,27,water4,6,2/03/2020,Monday3,PB,Paternal,Blu.Pur,male,a9975,,674.279,0,0,440.08,130.72,440.08,,0
1,28,water4,7,2/03/2020,Monday3,PB,Paternal,Bro.Blu,male,a9937,,1600.87,0,0,440.08,0.24,440.08,,0
2,28,water4,7,2/03/2020,Monday3,PB,Paternal,_.Ora,female,a9964,,1105.06,28.16,40.24,371.68,92.16,440.08,220.88,5
1,1,water1,1,6/03/2020,Friday4,WCA,Within Control,Ora.Gre,female,a9603,,1947.36,129.6,180.4,126.24,0.16,436.24,0,27
2,1,water1,1,6/03/2020,Friday4,WCA,Within Control,Red.Yel,female,a9678,,2345.74,173.6,114.48,151.92,1.6,440,0,20
3,1,water1,1,6/03/2020,Friday4,WCA,Within Control,Gre.Bro,male,a9558,,3177,220.8,163.68,55.6,0.88,440.08,0,34
4,1,water1,1,6/03/2020,Friday4,WCA,Within Control,Pur.Red,female,a9566,,2261.07,76.08,118.8,245.2,0.24,440.08,0,15
5,1,water1,1,6/03/2020,Friday4,WCA,Within Control,Ora.Ora,male,a9706,,1181.03,48.08,59.6,250.72,3.12,358.4,2.48,33
6,1,water1,1,6/03/2020,Friday4,WCA,Within Control,Gre.Blu,female,a9553,,1012.35,60.24,49.84,290,0.32,400.08,136.24,30
7,1,water1,1,6/03/2020,Friday4,WCA,Within Control,Red.Whi,female,a9679,,1969.71,120.56,83.12,211.12,1.12,414.8,88.88,57
8,1,water1,1,6/03/2020,Friday4,WCA,Within Control,Pin.Gre,male,a9588,,1206.16,302.96,54.72,70.32,0.8,428,10,45
1,2,water1,2,6/03/2020,Friday4,WCA,Within Control,Pur._,male,a9562,,478.966,0,0,440.08,2.64,440.08,,0
2,2,water1,2,6/03/2020,Friday4,WCA,Within Control,Blu.Yel,female,a9577,,2381.85,112.4,165.6,161.76,0.16,439.76,111.84,19
3,2,water1,2,6/03/2020,Friday4,WCA,Within Control,Red.Bla,male,a9676,,631.611,0,0,439.76,241.76,439.76,,0
4,2,water1,2,6/03/2020,Friday4,WCA,Within Control,Red.Pin,female,a9673,,2968.93,89.76,221.12,129.12,0.08,440,0,32
5,2,water1,2,6/03/2020,Friday4,WCA,Within Control,Red.Ora,male,a9681,,1890.36,19.6,28.56,377.04,0.72,425.2,391.6,4
6,2,water1,2,6/03/2020,Friday4,WCA,Within Control,Ora.Whi,male,a9611,,1812.03,30.4,59.44,349.52,4.8,439.36,316.72,8
7,2,water1,2,6/03/2020,Friday4,WCA,Within Control,Gre.Bla,male,a9554,,2549.57,165.12,94.08,180.88,0.08,440.08,94.48,18
8,2,water1,2,6/03/2020,Friday4,WCA,Within Control,Ora.Red,male,a9606,,1529.12,100.32,64.96,236.56,0.24,401.84,190.4,48
1,3,water1,3,6/03/2020,Friday4,WCA,Within Control,Red.Gre,male,a9680,,2622.08,47.6,84.32,308.16,0,440.08,0,10
2,3,water1,3,6/03/2020,Friday4,WCA,Within Control,Whi.Yel,female,a9599,,2874.41,84.8,95.04,260.24,0,440.08,69.12,15
3,3,water1,3,6/03/2020,Friday4,WCA,Within Control,Ora.Blu,female,a9607,,2357.29,139.36,116,183.76,0.16,439.12,88.88,24
4,3,water1,3,6/03/2020,Friday4,WCA,Within Control,Gre.Pur,female,a9556,,3060.84,59.6,154.72,225.76,0,440.08,37.04,31
5,3,water1,3,6/03/2020,Friday4,MB,Maternal,Red.Pin,male,a9755,,1985.64,191.6,90.88,132.48,0.56,414.96,16.24,49
6,3,water1,3,6/03/2020,Friday4,MB,Maternal,Ora.Yel,male,a9813,,1972.72,130.48,82.64,190.08,0.24,403.2,45.2,48
7,3,water1,3,6/03/2020,Friday4,MB,Maternal,Red._,male,a9752,,964.286,9.68,37.12,305.76,0.16,352.56,183.36,8
8,3,water1,3,6/03/2020,Friday4,MB,Maternal,_.Ora,female,a10198,,1949.89,212,74.16,110.8,0,396.96,0,90
1,4,water1,4,6/03/2020,Friday4,MB,Maternal,Pin.Whi,female,a9862,,1710.52,35.04,26.32,378.24,60.64,439.6,283.6,4
2,4,water1,4,6/03/2020,Friday4,MB,Maternal,_.Blu,male,a9844,,2100.03,105.44,68.96,265.52,0.56,439.92,36.16,14
3,4,water1,4,6/03/2020,Friday4,MB,Maternal,Pin.Yel,female,a9854,,3632.2,217.04,135.76,87.04,0,439.84,0,53
4,4,water1,4,6/03/2020,Friday4,MB,Maternal,_._,female,a9774,,2632.93,80.8,77.36,281.92,0.32,440.08,70.56,16
5,4,water1,4,6/03/2020,Friday4,MB,Maternal,Yel.Bla,female,a9777,,1078.21,64.88,77.2,208.16,0.16,350.24,131.44,49
6,4,water1,4,6/03/2020,Friday4,MB,Maternal,_.Red,male,a9849,,1891.85,22.72,33.6,383.76,1.2,440.08,261.28,7
7,4,water1,4,6/03/2020,Friday4,MB,Maternal,Bla.Gre,female,a9787,,749.765,161.44,73.04,79.28,0,313.76,0,144
8,4,water1,4,6/03/2020,Friday4,MB,Maternal,Blu.Blu,male,a9843,,1358.72,30.64,40.24,368.88,1.12,439.76,357.84,5
1,5,water1,5,6/03/2020,Friday4,MB,Maternal,Red.Bla,male,a9756,,3346.94,85.52,122,232.56,0.08,440.08,89.52,19
2,5,water1,5,6/03/2020,Friday4,MB,Maternal,Ora.Pur,male,a9821,,2825.05,130.56,177.04,132.48,0.24,440.08,0,24
3,5,water1,5,6/03/2020,Friday4,MB,Maternal,Pur.Pin,male,a9824,,3958.14,239.44,107.36,93.28,0.08,440.08,33.28,42
4,5,water1,5,6/03/2020,Friday4,MB,Maternal,Gre.Pur,female,a9867,,2328.9,63.6,94.08,282.4,0.24,440.08,137.68,18
5,5,water1,5,6/03/2020,Friday4,MB,Maternal,Yel.Yel,male,a9765,,2349.63,119.92,140.88,168.48,0,429.28,5.44,45
6,5,water1,5,6/03/2020,Friday4,MB,Maternal,Blu.Gre,male,a9846,,1186.39,0.24,15.84,424,73.04,440.08,417.36,1
7,5,water1,5,6/03/2020,Friday4,MB,Maternal,Gre.Ora,female,a9868,,1972.43,172.24,83.6,144,0.16,399.84,0,86
8,5,water1,5,6/03/2020,Friday4,MB,Maternal,Yel.Ora,female,a9778,,2101.31,147.04,82.24,157.04,0.08,386.32,0,86
1,6,water2,1,6/03/2020,Friday4,WTA,Within Treatment,Gre.Gre,female,a10034,,2943.59,169.76,135.04,129.84,0.08,434.64,0,46
2,6,water2,1,6/03/2020,Friday4,WTA,Within Treatment,Blu._,female,a10039,,4008.8,265.68,73.52,71.68,0.08,410.88,0.4,78
3,6,water2,1,6/03/2020,Friday4,WTA,Within Treatment,Gre.Pin,female,a10036,,2762.19,77.28,67.04,295.76,0.08,440.08,0,19
4,6,water2,1,6/03/2020,Friday4,WTA,Within Treatment,Gre.Blu,female,a10041,,2225.11,46.48,118.88,274.72,22.08,440.08,256.64,13
5,6,water2,1,6/03/2020,Friday4,WTA,Within Treatment,Red.Bla,female,a10164,,1443.93,87.84,78.48,223.28,0.08,389.6,78.8,47
6,6,water2,1,6/03/2020,Friday4,WTA,Within Treatment,Pur.Blu,female,a10079,,1080.81,132.48,65.52,124.64,0.96,322.64,25.76,106
7,6,water2,1,6/03/2020,Friday4,WTA,Within Treatment,Ora.Red,male,a10064,,1336.25,151.76,131.28,83.68,0.4,366.72,0.08,95
8,6,water2,1,6/03/2020,Friday4,WTA,Within Treatment,Blu.Blu,female,a10046,,748.261,36.96,85.2,186.72,0,308.88,0,42
1,7,water2,2,6/03/2020,Friday4,WTA,Within Treatment,Red.Pur,male,a10166,,1565.52,9.36,41.2,389.52,0.96,440.08,385.44,4
2,7,water2,2,6/03/2020,Friday4,WTA,Within Treatment,Blu.Yel,male,a10055,,2235.62,29.76,37.68,372.64,16.4,440.08,110.08,11
3,7,water2,2,6/03/2020,Friday4,WTA,Within Treatment,Pin.Blu,male,a10090,,4512.58,135.76,184.64,119.6,0.08,440,28.32,61
4,7,water2,2,6/03/2020,Friday4,WTA,Within Treatment,Red.Whi,female,a10172,,2363.71,36.64,139.28,264.16,0.4,440.08,174.64,9
5,7,water2,2,6/03/2020,Friday4,WTA,Within Treatment,Pin.Bla,male,a10092,,815.514,25.2,37.76,304.4,0.4,367.36,364.64,17
6,7,water2,2,6/03/2020,Friday4,WTA,Within Treatment,Whi.Pur,female,a10158,,965.051,0,0,420.16,1.44,420.16,,0
7,7,water2,2,6/03/2020,Friday4,WTA,Within Treatment,Ora.Bro,male,a10070,,3297.47,109.36,103.44,225.28,0.08,438.08,18.8,30
8,7,water2,2,6/03/2020,Friday4,WTA,Within Treatment,Whi.Yel,male,a10157,,2357.63,189.76,106.32,122.32,0.4,418.4,63.52,64
1,8,water2,3,6/03/2020,Friday4,WTA,Within Treatment,Pur._,male,a10077,,3116.78,133.2,108.4,198.08,0.08,439.68,0,29
2,8,water2,3,6/03/2020,Friday4,WTA,Within Treatment,Pin.Gre,female,a10087,,2407.99,97.2,137.12,205.76,0.16,440.08,26,21
3,8,water2,3,6/03/2020,Friday4,WTA,Within Treatment,Yel._,male,a10095,,3611.83,96.32,100.56,243.2,0,440.08,58.56,29
4,8,water2,3,6/03/2020,Friday4,WTA,Within Treatment,Bro.Bro,male,a10201,,2871.38,336.32,60.8,42.8,5.12,439.92,0,25
5,8,water2,3,6/03/2020,Friday4,PB,Paternal,Pin.Ora,female,a9953,,771.292,8.8,54.56,258,0.08,321.36,27.76,11
6,8,water2,3,6/03/2020,Friday4,PB,Paternal,Whi.Ora,female,a9927,,2065.88,103.44,104.88,220.96,0.16,429.28,68.88,42
7,8,water2,3,6/03/2020,Friday4,PB,Paternal,Red.Yel,male,a9947,,1499.11,26.24,33.36,380.24,1.52,439.84,184.48,4
8,8,water2,3,6/03/2020,Friday4,PB,Paternal,Blu.Gre,male,a9983,,1264.91,69.84,38,293.84,0.64,401.68,292.4,39
1,9,water2,4,6/03/2020,Friday4,PB,Paternal,_.Ora,female,a9964,,1903.57,58.56,58,315.28,0.4,431.84,161.52,18
2,9,water2,4,6/03/2020,Friday4,PB,Paternal,Bro.Blu,male,a9937,,1484.65,0,0,440.08,7.68,440.08,,0
3,9,water2,4,6/03/2020,Friday4,PB,Paternal,Pur.Pur,female,a9982,,2401.6,83.28,103.6,253.2,0,440.08,190.96,17
4,9,water2,4,6/03/2020,Friday4,PB,Paternal,Red.Bla,male,a9949,,2724.22,72.08,137.04,230.96,0.32,440.08,107.84,19
5,9,water2,4,6/03/2020,Friday4,PB,Paternal,Yel.Gre,male,a9901,,3052.7,82.48,100.8,251.68,0.16,434.96,7.2,32
6,9,water2,4,6/03/2020,Friday4,PB,Paternal,_.Pur,male,a9981,,2311.37,59.52,71.04,309.2,0.24,439.76,214.56,13
7,9,water2,4,6/03/2020,Friday4,PB,Paternal,Pin.Gre,female,a9952,,2453.9,173.28,87.68,156.48,0.16,417.44,3.92,56
8,9,water2,4,6/03/2020,Friday4,PB,Paternal,Bro.Bro,female,a9910,,1144.88,37.68,30.32,361.44,0.72,429.44,382.56,9
1,10,water2,5,6/03/2020,Friday4,PB,Paternal,Yel.Pur,female,a9899,,839.571,0,0,427.6,40.72,427.6,,0
2,10,water2,5,6/03/2020,Friday4,PB,Paternal,Red._,male,a9941,,2907.03,47.76,115.28,276.88,0.32,439.92,200.96,17
3,10,water2,5,6/03/2020,Friday4,PB,Paternal,Blu.Blu,male,a9973,,1926.36,227.68,69.12,142.96,2.16,439.76,27.92,16
4,10,water2,5,6/03/2020,Friday4,PB,Paternal,Bla.Whi,female,a9923,,2808.39,111.36,79.36,249.36,0.88,440.08,42.72,21
5,10,water2,5,6/03/2020,Friday4,PB,Paternal,Whi._,female,a9924,,1598.9,167.04,98.32,120.08,0.08,385.44,0.24,81
6,10,water2,5,6/03/2020,Friday4,PB,Paternal,Blu.Pur,male,a9975,,475.462,0,0,438.24,266.32,438.24,,0
7,10,water2,5,6/03/2020,Friday4,PB,Paternal,_.Red,female,a9903,,466.7,0,0,400.24,49.04,400.24,,0
8,10,water2,5,6/03/2020,Friday4,PB,Paternal,Bro._,male,a9908,,3200.81,124.64,117.2,183.36,0.08,425.2,50.96,49
1,11,water3,1,6/03/2020,Friday4,WCB,Within Control,Bro.Bla,female,a9700,,2292.06,83.36,70.72,283.12,0.32,437.2,29.44,16
2,11,water3,1,6/03/2020,Friday4,WCB,Within Control,Blu.Ora,female,a9583,,363.84,0,0,440.08,173.44,440.08,,0
3,11,water3,1,6/03/2020,Friday4,WCB,Within Control,Ora.Gre,male,a9612,,2014.43,25.6,64.64,349.84,0.32,440.08,323.44,5
4,11,water3,1,6/03/2020,Friday4,WCB,Within Control,Blu.Bro,female,a9579,,1992.01,42.64,78.32,319.12,0.4,440.08,90.4,14
5,11,water3,1,6/03/2020,Friday4,WCB,Within Control,Blu.Whi,female,a9580,,1310.86,37.12,69.2,271.36,0.16,377.68,177.12,18
6,11,water3,1,6/03/2020,Friday4,WCB,Within Control,Bro.Gre,female,a9704,,1058.29,18.96,37.52,329.6,0.16,386.08,193.6,11
7,11,water3,1,6/03/2020,Friday4,WCB,Within Control,Blu.Red,male,a9582,,1633.5,30.96,24,384.24,0.48,439.2,197.2,10
8,11,water3,1,6/03/2020,Friday4,WCB,Within Control,Pin.Yel,male,a9587,,2846.05,125.12,62.48,239.12,0,426.72,132.72,36
1,12,water3,2,6/03/2020,Friday4,WCB,Within Control,Whi.Ora,female,a9596,,2417.62,14.4,15.76,409.92,0.08,440.08,423.84,2
2,12,water3,2,6/03/2020,Friday4,WCB,Within Control,Blu.Gre,female,a9578,,2184.84,59.2,36.08,344.8,0.24,440.08,30.72,9
3,12,water3,2,6/03/2020,Friday4,WCB,Within Control,Ora.Bro,male,a9610,,2306.7,30,50.4,359.68,0.16,440.08,358.8,10
4,12,water3,2,6/03/2020,Friday4,WCB,Within Control,Yel.Yel,female,a9613,,1922.54,0,0,440.08,0.16,440.08,,0
5,12,water3,2,6/03/2020,Friday4,WCB,Within Control,Pur.Pin,male,a9686,,1377.06,0,0,428.56,0.72,428.56,,0
6,12,water3,2,6/03/2020,Friday4,WCB,Within Control,Red.Bro,male,a9677,,370.299,0,0,437.12,160.72,437.12,,0
7,12,water3,2,6/03/2020,Friday4,WCB,Within Control,Pin.Whi,male,a9590,,665.408,0,0,438,47.52,438,,0
8,12,water3,2,6/03/2020,Friday4,WCB,Within Control,Ora.Bla,female,a9608,,1189.84,123.36,84.96,175.28,0.32,383.6,0,65
1,13,water3,3,6/03/2020,Friday4,WCB,Within Control,Pur.Blu,male,a9687,,2567.24,94.72,68.96,273.52,0.24,437.2,94.56,22
2,13,water3,3,6/03/2020,Friday4,WCB,Within Control,Blu.Blu,male,a9575,,3254.94,39.52,120.48,280.08,0,440.08,95.36,10
3,13,water3,3,6/03/2020,Friday4,WCB,Within Control,_.Pur,female,a9605,,2468.37,164.56,160,115.52,0,440.08,0,23
4,13,water3,3,6/03/2020,Friday4,WCB,Within Control,Blu.Pur,male,a9581,,1950.81,18.48,97.44,324.16,0.16,440.08,315.52,3
5,13,water3,3,6/03/2020,Friday4,MA,Maternal,Red.Gre,female,a9758,,582.851,81.12,76.8,93.76,0.16,251.68,43.44,98
6,13,water3,3,6/03/2020,Friday4,MA,Maternal,Red.Red,male,a9754,,1343.94,14.96,100.48,279.84,0,395.28,203.44,12
7,13,water3,3,6/03/2020,Friday4,MA,Maternal,Bro.Yel,female,a9794,,915.158,0,0,439.76,0.88,439.76,,0
8,13,water3,3,6/03/2020,Friday4,MA,Maternal,Gre.Blu,male,a9808,,839.999,0,0,404.64,1.2,404.64,,0
1,14,water3,4,6/03/2020,Friday4,MA,Maternal,Whi.Ora,female,a9839,,1525.23,0,15.36,422,0.48,437.36,,0
2,14,water3,4,6/03/2020,Friday4,MA,Maternal,Red.Bro,male,a9760,,2627.36,26.96,84.72,328.4,0.16,440.08,226.16,8
3,14,water3,4,6/03/2020,Friday4,MA,Maternal,Gre.Whi,female,a9809,,2594.18,156.48,58.48,225.12,0.32,440.08,33.44,19
4,14,water3,4,6/03/2020,Friday4,MA,Maternal,Red.Pur,female,a9762,,2179.42,0,6.56,433.52,0.16,440.08,,0
5,14,water3,4,6/03/2020,Friday4,MA,Maternal,Red.Yel,female,a9761,,1928.17,128.56,80.32,176.32,0.24,385.2,28.08,84
6,14,water3,4,6/03/2020,Friday4,MA,Maternal,Bro.Gre,female,a9796,,1663.82,150.56,70.08,169.84,0.56,390.48,55.2,75
7,14,water3,4,6/03/2020,Friday4,MA,Maternal,Yel._,male,a9763,,426.163,0,16,399.12,46.4,415.12,,0
8,14,water3,4,6/03/2020,Friday4,MA,Maternal,Gre.Gre,female,a9804,,1061.33,96.48,105.44,152.8,0,354.72,143.2,93
1,15,water3,5,6/03/2020,Friday4,MA,Maternal,_.Bla,male,a9800,,2305.45,36.16,73.52,330.4,0.48,440.08,295.04,11
2,15,water3,5,6/03/2020,Friday4,MA,Maternal,Bro.Pin,male,a9793,,2471.93,75.92,106.96,257.2,0.16,440.08,80.48,16
3,15,water3,5,6/03/2020,Friday4,MA,Maternal,Pin.Ora,male,a9858,,2187.66,68.56,95.28,276.08,0.56,439.92,212.16,13
4,15,water3,5,6/03/2020,Friday4,MA,Maternal,_.Gre,male,a9803,,2918.76,62.64,113.28,264.16,0.08,440.08,111.2,11
5,15,water3,5,6/03/2020,Friday4,MA,Maternal,Blu.Yel,female,a9845,,1403.18,100.72,83.6,201.36,0.24,385.68,120.88,54
6,15,water3,5,6/03/2020,Friday4,MA,Maternal,Red.Blu,female,a9759,,100.358,0,0,437.6,309.52,437.6,,0
7,15,water3,5,6/03/2020,Friday4,MA,Maternal,_.Yel,male,a9764,,1087.97,102.96,77.04,172.96,0.56,352.96,106.08,59
8,15,water3,5,6/03/2020,Friday4,MA,Maternal,Red._,female,a9848,,2093.95,126.48,73.44,186.16,0.32,386.08,63.84,53
1,16,water4,1,6/03/2020,Friday4,WTB,Within Treatment,Whi.Bla,male,a10152,,1697.7,2.72,13.6,422.48,0.24,438.8,437.36,1
2,16,water4,1,6/03/2020,Friday4,WTB,Within Treatment,Pur.Gre,male,a10074,,2624.12,124.72,131.2,184.08,0.08,440,73.68,20
3,16,water4,1,6/03/2020,Friday4,WTB,Within Treatment,Pin.Red,male,a10089,,2522.52,64.32,111.04,264.64,0.16,440,24.8,17
4,16,water4,1,6/03/2020,Friday4,WTB,Within Treatment,Whi.Ora,female,a10160,,2804.92,77.12,104,258.96,0.08,440.08,78.64,28
5,16,water4,1,6/03/2020,Friday4,WTB,Within Treatment,Red.Bro,male,a10169,,2034.09,72.56,88.72,233.84,0,395.12,58.56,47
6,16,water4,1,6/03/2020,Friday4,WTB,Within Treatment,Gre.Pur,male,a10043,,2221.18,38.8,80.4,318.32,0.32,437.52,98.72,9
7,16,water4,1,6/03/2020,Friday4,WTB,Within Treatment,Pin.Bro,male,a10088,,2240.76,92.64,100.16,247.28,0.56,440.08,56.56,13
8,16,water4,1,6/03/2020,Friday4,WTB,Within Treatment,Yel.Yel,female,a10097,,1136.53,112.64,51.68,167.28,0.16,331.6,0,82
1,17,water4,2,6/03/2020,Friday4,WTB,Within Treatment,Pur.Pur,female,a10081,,1022.99,46.8,39.84,324.24,29.76,410.88,176.8,19
2,17,water4,2,6/03/2020,Friday4,WTB,Within Treatment,Ora.Ora,female,a10060,,2771.03,108.64,74.8,247.68,0.08,431.12,25.68,39
3,17,water4,2,6/03/2020,Friday4,WTB,Within Treatment,Whi.Bro,female,a10159,,3746.01,153.2,110.48,176.4,0,440.08,10.72,29
4,17,water4,2,6/03/2020,Friday4,WTB,Within Treatment,Ora.Pin,female,a10063,,2571.27,115.2,148.96,175.92,0.08,440.08,0,20
5,17,water4,2,6/03/2020,Friday4,WTB,Within Treatment,Red._,male,a10155,,1744.51,0,1.76,437.52,0.56,439.28,,0
6,17,water4,2,6/03/2020,Friday4,WTB,Within Treatment,Gre._,male,a10037,,715.016,0,1.84,437.2,1.68,439.04,,0
7,17,water4,2,6/03/2020,Friday4,WTB,Within Treatment,Whi.Pin,female,a10154,,1306.72,64.32,86.72,242.16,0.24,393.2,73.36,36
8,17,water4,2,6/03/2020,Friday4,WTB,Within Treatment,Gre.Bro,male,a10044,,1765.99,233.6,66.8,58.88,0.16,359.28,0,142
1,18,water4,3,6/03/2020,Friday4,WTB,Within Treatment,Blu.Ora,female,a10059,,674.097,0,0,439.36,26.96,439.36,,0
2,18,water4,3,6/03/2020,Friday4,WTB,Within Treatment,_.Yel,male,a10096,,3732.17,209.92,154.96,75.2,0.08,440.08,57.76,50
3,18,water4,3,6/03/2020,Friday4,WTB,Within Treatment,Pur.Red,female,a10076,,2084.37,84.72,102.4,239.04,3.68,426.16,25.52,36
4,18,water4,3,6/03/2020,Friday4,WTB,Within Treatment,_.Blu,female,a10040,,2661.91,31.52,117.84,290.72,0,440.08,154.32,20
5,18,water4,3,6/03/2020,Friday4,PA,Paternal,Pin.Red,female,a9958,,1592.57,59.36,74.88,286.72,0.08,420.96,95.52,25
6,18,water4,3,6/03/2020,Friday4,PA,Paternal,Bla.Red,female,a9921,,2343.35,78.56,67.12,258.4,0.24,404.08,149.52,54
7,18,water4,3,6/03/2020,Friday4,PA,Paternal,Blu.Bla,male,a9984,,2171.91,120.32,85.52,198.8,0.32,404.64,31.12,46
8,18,water4,3,6/03/2020,Friday4,PA,Paternal,Bla.Pin,male,a9919,,1433.31,247.76,51.68,54.64,0.32,354.08,0,161
1,19,water4,4,6/03/2020,Friday4,PA,Paternal,Bla.Gre,female,a9922,,2466.06,118.56,63.92,244.48,0.16,426.96,12.96,37
2,19,water4,4,6/03/2020,Friday4,PA,Paternal,Ora.Pin,female,a9961,,2683.46,75.12,72,292.96,0.08,440.08,153.12,14
3,19,water4,4,6/03/2020,Friday4,PA,Paternal,Gre.Pin,male,a9880,,2681.64,36.56,71.6,331.92,1.6,440.08,96.08,12
4,19,water4,4,6/03/2020,Friday4,PA,Paternal,_.Bro,female,a9917,,2236.29,47.28,64.64,328.16,0.48,440.08,96.4,13
5,19,water4,4,6/03/2020,Friday4,PA,Paternal,Whi.Bro,female,a9929,,643.952,57.76,41.04,179.44,0.08,278.24,82.4,69
6,19,water4,4,6/03/2020,Friday4,PA,Paternal,Pin.Yel,male,a9956,,2475.73,36.96,81.36,321.44,0.48,439.76,115.84,12
7,19,water4,4,6/03/2020,Friday4,PA,Paternal,Ora.Ora,female,a9962,,1308.37,122.08,81.52,156.96,0.32,360.56,53.12,97
8,19,water4,4,6/03/2020,Friday4,PA,Paternal,Bla.Ora,female,a9887,,1322.84,50.72,104.24,248,0.32,402.96,140.64,38
1,20,water4,5,6/03/2020,Friday4,PA,Paternal,Gre.Blu,male,a9881,,1992.7,59.84,62.32,317.92,0.72,440.08,274.64,9
2,20,water4,5,6/03/2020,Friday4,PA,Paternal,_.Gre,male,a9873,,2799.47,96.56,105.28,238.24,0.24,440.08,51.28,23
3,20,water4,5,6/03/2020,Friday4,PA,Paternal,Whi.Red,male,a9931,,165.264,0,0,440.08,154,440.08,,0
4,20,water4,5,6/03/2020,Friday4,PA,Paternal,Gre.Ora,female,a9876,,3356.31,132.56,119.68,187.84,0,440.08,78.08,32
5,20,water4,5,6/03/2020,Friday4,PA,Paternal,Gre.Gre,female,a9874,,1098.65,96.72,64.24,174.4,0,335.36,129.52,93
6,20,water4,5,6/03/2020,Friday4,PA,Paternal,Whi.Whi,male,a9926,,1550.96,58.08,38.48,342.08,103.6,438.64,245.6,13
7,20,water4,5,6/03/2020,Friday4,PA,Paternal,Pin.Pur,female,a9957,,1650.01,230.56,66.56,87.68,0,384.8,0,144
8,20,water4,5,6/03/2020,Friday4,PA,Paternal,Pin.Blu,male,a9960,,1459.8,48.72,57.36,293.68,5.76,399.76,224.96,27
